IPS ID,Event Time,Location,Instruments,Catalog
2010-01-20T20:20:00-IPS-001,2010-01-20T20:20Z,STEREO B,STEREO A: IMPACT;STEREO A: PLASTIC;,SWRC_CATALOG
2010-02-05T03:33:00-IPS-001,2010-02-05T03:33Z,STEREO A,STEREO A: IMPACT;STEREO A: PLASTIC;,SWRC_CATALOG
2010-02-14T07:50:00-IPS-001,2010-02-14T07:50Z,STEREO B,STEREO B: IMPACT;STEREO B: PLASTIC;,SWRC_CATALOG
2010-03-05T18:25:00-IPS-001,2010-03-05T18:25Z,STEREO A,STEREO A: IMPACT;STEREO A: PLASTIC;,SWRC_CATALOG
2010-04-05T07:54:00-IPS-001,2010-04-05T07:54Z,Earth,ACE: MAG;ACE: SWEPAM;,SWRC_CATALOG
2010-04-09T18:00:00-IPS-001,2010-04-09T18:00Z,Earth,ACE: SWEPAM;ACE: MAG;,SWRC_CATALOG
2010-04-11T13:04:00-IPS-001,2010-04-11T13:04Z,Earth,ACE: SWEPAM;ACE: MAG;,SWRC_CATALOG
2010-04-13T22:11:00-IPS-001,2010-04-13T22:11Z,STEREO B,STEREO B: IMPACT;STEREO B: PLASTIC;,SWRC_CATALOG
2010-04-23T00:35:00-IPS-001,2010-04-23T00:35Z,STEREO A,STEREO A: IMPACT;STEREO A: PLASTIC;,SWRC_CATALOG
2010-04-30T06:00:00-IPS-001,2010-04-30T06:00Z,Earth,ACE: SWEPAM;ACE: MAG;,SWRC_CATALOG
2010-05-28T02:00:00-IPS-001,2010-05-28T02:00Z,Earth,ACE: SWEPAM;ACE: MAG;,SWRC_CATALOG
2010-05-30T15:00:00-IPS-001,2010-05-30T15:00Z,STEREO A,STEREO A: IMPACT;STEREO A: PLASTIC;,SWRC_CATALOG
2010-06-03T08:36:00-IPS-001,2010-06-03T08:36Z,STEREO A,STEREO A: IMPACT;STEREO A: PLASTIC;,SWRC_CATALOG
2010-06-07T04:08:00-IPS-001,2010-06-07T04:08Z,STEREO B,STEREO B: IMPACT;STEREO B: PLASTIC;,SWRC_CATALOG
2010-06-15T04:04:00-IPS-001,2010-06-15T04:04Z,STEREO B,STEREO B: IMPACT;STEREO B: PLASTIC;,SWRC_CATALOG
2010-06-16T16:20:00-IPS-001,2010-06-16T16:20Z,STEREO A,STEREO A: IMPACT;STEREO A: PLASTIC;,SWRC_CATALOG
2010-06-20T20:00:00-IPS-001,2010-06-20T20:00Z,Earth,DSCOVR: PLASMAG,SWRC_CATALOG
2010-06-23T08:00:00-IPS-001,2010-06-23T08:00Z,STEREO B,STEREO B: IMPACT;STEREO A: PLASTIC;,SWRC_CATALOG
2010-08-03T05:00:00-IPS-001,2010-08-03T05:00Z,STEREO B,STEREO B: IMPACT;STEREO B: PLASTIC;,SWRC_CATALOG
2010-08-03T14:20:00-IPS-001,2010-08-03T14:20Z,STEREO B,STEREO B: IMPACT;STEREO B: PLASTIC;,SWRC_CATALOG
2010-08-03T16:56:00-IPS-001,2010-08-03T16:56Z,Earth,ACE: MAG;ACE: SWEPAM;,SWRC_CATALOG
2010-08-17T17:40:00-IPS-001,2010-08-17T17:40Z,STEREO A,STEREO A: IMPACT;STEREO A: PLASTIC;,SWRC_CATALOG
2010-08-20T16:00:00-IPS-001,2010-08-20T16:00Z,STEREO A,STEREO A: IMPACT;STEREO A: PLASTIC;,SWRC_CATALOG
2010-08-30T21:38:00-IPS-001,2010-08-30T21:38Z,STEREO A,STEREO A: IMPACT;STEREO A: PLASTIC;,SWRC_CATALOG
2010-09-07T08:29:00-IPS-001,2010-09-07T08:29Z,STEREO A,STEREO A: IMPACT;STEREO A: PLASTIC;,SWRC_CATALOG
2010-09-11T07:00:00-IPS-001,2010-09-11T07:00Z,STEREO A,STEREO A: PLASTIC;STEREO A: IMPACT;,SWRC_CATALOG
2010-09-15T12:00:00-IPS-001,2010-09-15T12:00Z,Earth,ACE: SWEPAM;ACE: MAG;,SWRC_CATALOG
2010-09-16T10:50:00-IPS-001,2010-09-16T10:50Z,STEREO B,STEREO B: IMPACT;STEREO B: PLASTIC;,SWRC_CATALOG
2010-09-17T22:34:00-IPS-001,2010-09-17T22:34Z,STEREO A,STEREO A: IMPACT;STEREO A: PLASTIC;,SWRC_CATALOG
2010-09-19T23:22:00-IPS-001,2010-09-19T23:22Z,STEREO B,STEREO B: IMPACT;STEREO B: PLASTIC;,SWRC_CATALOG
2010-10-11T06:00:00-IPS-001,2010-10-11T06:00Z,Earth,ACE: SWEPAM;ACE: MAG;,SWRC_CATALOG
2010-10-17T01:11:00-IPS-001,2010-10-17T01:11Z,Earth,ACE: MAG;ACE: SWEPAM;,SWRC_CATALOG
2010-10-30T09:00:00-IPS-001,2010-10-30T09:00Z,STEREO A,STEREO A: PLASTIC;STEREO A: IMPACT;,SWRC_CATALOG
2010-10-30T17:30:00-IPS-001,2010-10-30T17:30Z,STEREO B,STEREO B: IMPACT;STEREO B: PLASTIC;,SWRC_CATALOG
2010-10-31T02:09:00-IPS-001,2010-10-31T02:09Z,Earth,ACE: SWEPAM;ACE: MAG;,SWRC_CATALOG
2010-11-08T02:46:00-IPS-001,2010-11-08T02:46Z,STEREO B,STEREO B: IMPACT;STEREO B: PLASTIC;,SWRC_CATALOG
2010-11-19T20:26:00-IPS-001,2010-11-19T20:26Z,STEREO B,STEREO B: IMPACT;STEREO B: PLASTIC;,SWRC_CATALOG
2010-12-02T02:40:00-IPS-001,2010-12-02T02:40Z,STEREO B,STEREO B: PLASTIC;STEREO B: IMPACT;,SWRC_CATALOG
2010-12-14T17:00:00-IPS-001,2010-12-14T17:00Z,STEREO A,STEREO A: IMPACT;STEREO A: PLASTIC;,SWRC_CATALOG
2010-12-16T20:00:00-IPS-001,2010-12-16T20:00Z,STEREO B,STEREO B: IMPACT;STEREO B: PLASTIC;,SWRC_CATALOG
2010-12-25T20:20:00-IPS-001,2010-12-25T20:20Z,STEREO B,STEREO B: IMPACT;STEREO B: PLASTIC;,SWRC_CATALOG
2010-12-28T03:00:00-IPS-001,2010-12-28T03:00Z,Earth,ACE: SWEPAM;ACE: MAG;,SWRC_CATALOG
2011-01-16T05:40:00-IPS-001,2011-01-16T05:40Z,STEREO A,STEREO A: IMPACT;STEREO A: PLASTIC;,SWRC_CATALOG
2011-01-17T15:46:00-IPS-001,2011-01-17T15:46Z,STEREO B,STEREO B: IMPACT;STEREO A: PLASTIC;,SWRC_CATALOG
2011-01-18T12:50:00-IPS-001,2011-01-18T12:50Z,STEREO B,STEREO B: IMPACT;STEREO B: PLASTIC;,SWRC_CATALOG
2011-01-24T07:00:00-IPS-001,2011-01-24T07:00Z,Earth,ACE: SWEPAM;ACE: MAG;,SWRC_CATALOG
2011-01-26T15:09:00-IPS-001,2011-01-26T15:09Z,STEREO A,STEREO A: IMPACT;STEREO A: PLASTIC;,SWRC_CATALOG
2011-02-01T10:25:00-IPS-001,2011-02-01T10:25Z,STEREO A,STEREO A: IMPACT;STEREO A: PLASTIC;,SWRC_CATALOG
2011-02-03T10:35:00-IPS-001,2011-02-03T10:35Z,STEREO A,STEREO A: IMPACT;STEREO A: PLASTIC;,SWRC_CATALOG
2011-02-03T17:00:00-IPS-001,2011-02-03T17:00Z,STEREO A,STEREO A: IMPACT;STEREO A: PLASTIC;,SWRC_CATALOG
2011-02-04T13:00:00-IPS-001,2011-02-04T13:00Z,Earth,ACE: SWEPAM;ACE: MAG;,SWRC_CATALOG
2011-02-18T01:00:00-IPS-001,2011-02-18T01:00Z,Earth,ACE: SWEPAM;ACE: MAG;,SWRC_CATALOG
2011-02-26T08:26:00-IPS-001,2011-02-26T08:26Z,STEREO B,STEREO B: PLASTIC;STEREO B: IMPACT;,SWRC_CATALOG
2011-03-06T03:31:00-IPS-001,2011-03-06T03:31Z,Earth,ACE: SWEPAM;ACE: MAG;,SWRC_CATALOG
2011-03-09T06:47:00-IPS-001,2011-03-09T06:47Z,STEREO A,STEREO A: IMPACT;STEREO A: PLASTIC;,SWRC_CATALOG
2011-03-10T07:00:00-IPS-001,2011-03-10T07:00Z,Earth,ACE: SWEPAM;ACE: MAG;,SWRC_CATALOG
2011-03-11T05:23:00-IPS-001,2011-03-11T05:23Z,STEREO B,STEREO B: IMPACT;STEREO B: PLASTIC;,SWRC_CATALOG
2011-03-12T00:25:00-IPS-001,2011-03-12T00:25Z,STEREO A,STEREO A: IMPACT;STEREO A: PLASTIC;,SWRC_CATALOG
2011-03-19T11:00:00-IPS-001,2011-03-19T11:00Z,STEREO A,STEREO A: IMPACT;STEREO A: PLASTIC;,SWRC_CATALOG
2011-03-20T15:46:00-IPS-001,2011-03-20T15:46Z,STEREO B,STEREO B: IMPACT;STEREO B: PLASTIC;,SWRC_CATALOG
2011-03-22T03:57:00-IPS-001,2011-03-22T03:57Z,STEREO A,STEREO A: IMPACT;STEREO A: PLASTIC;,SWRC_CATALOG
2011-03-22T18:00:00-IPS-001,2011-03-22T18:00Z,STEREO A,STEREO A: IMPACT;STEREO A: PLASTIC;,SWRC_CATALOG
2011-03-28T09:00:00-IPS-001,2011-03-28T09:00Z,STEREO B,STEREO B: IMPACT;STEREO B: PLASTIC;,SWRC_CATALOG
2011-03-29T15:09:00-IPS-001,2011-03-29T15:09Z,Earth,ACE: MAG;ACE: SWEPAM;,SWRC_CATALOG
2011-03-31T23:38:00-IPS-001,2011-03-31T23:38Z,STEREO B,STEREO B: IMPACT;STEREO B: PLASTIC;,SWRC_CATALOG
2011-04-01T00:00:00-IPS-001,2011-04-01T00:00Z,STEREO B,STEREO B: IMPACT;STEREO B: PLASTIC;,SWRC_CATALOG
2011-04-01T16:00:00-IPS-001,2011-04-01T16:00Z,Earth,ACE: MAG;ACE: SWEPAM;,SWRC_CATALOG
2011-04-04T17:00:00-IPS-001,2011-04-04T17:00Z,STEREO B,STEREO B: IMPACT;STEREO B: PLASTIC;,SWRC_CATALOG
2011-04-05T18:00:00-IPS-001,2011-04-05T18:00Z,Earth,ACE: SWEPAM;ACE: MAG;,SWRC_CATALOG
2011-04-05T21:43:00-IPS-001,2011-04-05T21:43Z,STEREO A,STEREO A: IMPACT;STEREO A: PLASTIC;,SWRC_CATALOG
2011-04-11T08:00:00-IPS-001,2011-04-11T08:00Z,Earth,ACE: SWEPAM;ACE: MAG;,SWRC_CATALOG
2011-04-11T12:08:00-IPS-001,2011-04-11T12:08Z,STEREO A,STEREO A: IMPACT;STEREO A: PLASTIC;,SWRC_CATALOG
2011-04-12T03:09:00-IPS-001,2011-04-12T03:09Z,STEREO B,STEREO B: IMPACT;STEREO B: PLASTIC;,SWRC_CATALOG
2011-04-15T07:52:00-IPS-001,2011-04-15T07:52Z,STEREO A,STEREO A: IMPACT;STEREO A: PLASTIC;,SWRC_CATALOG
2011-04-21T07:12:00-IPS-001,2011-04-21T07:12Z,STEREO A,STEREO A: IMPACT;STEREO A: PLASTIC;,SWRC_CATALOG
2011-04-23T10:00:00-IPS-001,2011-04-23T10:00Z,STEREO A,STEREO A: IMPACT;STEREO A: PLASTIC;,SWRC_CATALOG
2011-04-28T09:00:00-IPS-001,2011-04-28T09:00Z,STEREO A,STEREO A: IMPACT;STEREO A: PLASTIC;,SWRC_CATALOG
2011-05-04T19:06:00-IPS-001,2011-05-04T19:06Z,STEREO B,STEREO B: IMPACT;STEREO B: PLASTIC;,SWRC_CATALOG
2011-05-06T22:00:00-IPS-001,2011-05-06T22:00Z,STEREO A,STEREO A: IMPACT;STEREO A: PLASTIC;,SWRC_CATALOG
2011-05-12T05:00:00-IPS-001,2011-05-12T05:00Z,STEREO B,STEREO B: IMPACT;STEREO B: PLASTIC;,SWRC_CATALOG
2011-05-19T11:50:00-IPS-001,2011-05-19T11:50Z,MESSENGER,MESSENGER: MAG,WINSLOW_MESSENGER_ICME_CATALOG
2011-05-28T01:00:00-IPS-001,2011-05-28T01:00Z,Earth,ACE: SWEPAM;ACE: MAG;,SWRC_CATALOG
2011-05-28T06:00:00-IPS-001,2011-05-28T06:00Z,STEREO A,STEREO A: IMPACT;STEREO A: PLASTIC;,SWRC_CATALOG
2011-06-01T07:00:00-IPS-001,2011-06-01T07:00Z,STEREO B,STEREO B: IMPACT;STEREO B: PLASTIC;,SWRC_CATALOG
2011-06-04T15:12:00-IPS-001,2011-06-04T15:12Z,MESSENGER,MESSENGER: MAG,WINSLOW_MESSENGER_ICME_CATALOG
2011-06-04T20:00:00-IPS-001,2011-06-04T20:00Z,Earth,ACE: SWEPAM;ACE: MAG;,SWRC_CATALOG
2011-06-05T03:31:00-IPS-001,2011-06-05T03:31Z,MESSENGER,MESSENGER: MAG,WINSLOW_MESSENGER_ICME_CATALOG
2011-06-05T19:00:00-IPS-001,2011-06-05T19:00Z,STEREO A,STEREO A: IMPACT;STEREO A: PLASTIC;,SWRC_CATALOG
2011-06-08T04:25:00-IPS-001,2011-06-08T04:25Z,MESSENGER,MESSENGER: MAG,WINSLOW_MESSENGER_ICME_CATALOG
2011-06-17T04:00:00-IPS-001,2011-06-17T04:00Z,Earth,ACE: SWEPAM;ACE: MAG;,SWRC_CATALOG
2011-06-17T07:40:00-IPS-001,2011-06-17T07:40Z,STEREO B,STEREO B: IMPACT;STEREO B: PLASTIC;,SWRC_CATALOG
2011-06-21T18:01:00-IPS-001,2011-06-21T18:01Z,MESSENGER,MESSENGER: MAG,WINSLOW_MESSENGER_ICME_CATALOG
2011-06-23T02:00:00-IPS-001,2011-06-23T02:00Z,Earth,ACE: SWEPAM;ACE: MAG;,SWRC_CATALOG
2011-06-26T18:10:00-IPS-001,2011-06-26T18:10Z,STEREO B,STEREO B: IMPACT;STEREO B: PLASTIC;,SWRC_CATALOG
2011-06-30T13:18:00-IPS-001,2011-06-30T13:18Z,STEREO B,STEREO B: IMPACT;STEREO B: PLASTIC;,SWRC_CATALOG
2011-07-03T01:00:00-IPS-001,2011-07-03T01:00Z,Earth,ACE: SWEPAM;ACE: MAG;,SWRC_CATALOG
2011-07-12T03:47:00-IPS-001,2011-07-12T03:47Z,STEREO A,STEREO A: IMPACT;STEREO A: PLASTIC;,SWRC_CATALOG
2011-07-14T12:00:00-IPS-001,2011-07-14T12:00Z,Earth,ACE: SWEPAM;ACE: MAG;,SWRC_CATALOG
2011-07-23T07:05:00-IPS-001,2011-07-23T07:05Z,STEREO B,STEREO B: PLASTIC;STEREO B: IMPACT;,SWRC_CATALOG
2011-07-23T09:41:00-IPS-001,2011-07-23T09:41Z,STEREO A,STEREO A: IMPACT;STEREO A: PLASTIC;,SWRC_CATALOG
2011-08-04T21:00:00-IPS-001,2011-08-04T21:00Z,Earth,ACE: SWEPAM;ACE: MAG;,SWRC_CATALOG
2011-08-05T17:20:00-IPS-001,2011-08-05T17:20Z,Earth,ACE: SWEPAM;ACE: MAG;,SWRC_CATALOG
2011-08-06T12:42:00-IPS-001,2011-08-06T12:42Z,STEREO A,STEREO A: IMPACT;STEREO A: PLASTIC;,SWRC_CATALOG
2011-08-13T19:43:00-IPS-001,2011-08-13T19:43Z,STEREO A,STEREO A: IMPACT;STEREO A: PLASTIC;,SWRC_CATALOG
2011-08-20T21:51:00-IPS-001,2011-08-20T21:51Z,STEREO B,STEREO B: IMPACT;STEREO B: PLASTIC;,SWRC_CATALOG
2011-09-04T22:40:00-IPS-001,2011-09-04T22:40Z,Earth,STEREO A: IMPACT;STEREO A: PLASTIC;,SWRC_CATALOG
2011-09-06T23:33:00-IPS-001,2011-09-06T23:33Z,MESSENGER,MESSENGER: MAG,WINSLOW_MESSENGER_ICME_CATALOG
2011-09-08T10:00:00-IPS-001,2011-09-08T10:00Z,Earth,ACE: SWEPAM;ACE: MAG;,SWRC_CATALOG
2011-09-08T16:10:00-IPS-001,2011-09-08T16:10Z,STEREO A,STEREO A: IMPACT;STEREO A: PLASTIC;,SWRC_CATALOG
2011-09-09T11:47:00-IPS-001,2011-09-09T11:47Z,Earth,ACE: MAG;ACE: SWEPAM;,SWRC_CATALOG
2011-09-11T09:00:00-IPS-001,2011-09-11T09:00Z,STEREO A,STEREO A: IMPACT;STEREO A: PLASTIC;,SWRC_CATALOG
2011-09-16T19:00:00-IPS-001,2011-09-16T19:00Z,Earth,ACE: SWEPAM;ACE: MAG;,SWRC_CATALOG
2011-09-17T02:56:00-IPS-001,2011-09-17T02:56Z,Earth,ACE: SWEPAM;ACE: MAG;,SWRC_CATALOG
2011-09-17T10:00:00-IPS-001,2011-09-17T10:00Z,STEREO A,STEREO A: IMPACT;STEREO A: PLASTIC;,SWRC_CATALOG
2011-09-18T10:00:00-IPS-001,2011-09-18T10:00Z,Earth,ACE: SWEPAM;ACE: MAG;,SWRC_CATALOG
2011-09-21T06:30:00-IPS-001,2011-09-21T06:30Z,STEREO B,STEREO B: IMPACT;STEREO B: PLASTIC;,SWRC_CATALOG
2011-09-22T03:00:00-IPS-001,2011-09-22T03:00Z,Earth,ACE: SWEPAM;ACE: MAG;,SWRC_CATALOG
2011-09-22T10:24:00-IPS-001,2011-09-22T10:24Z,MESSENGER,MESSENGER: MAG,WINSLOW_MESSENGER_ICME_CATALOG
2011-09-24T04:00:00-IPS-001,2011-09-24T04:00Z,STEREO B,STEREO B: IMPACT;STEREO B: PLASTIC;,SWRC_CATALOG
2011-09-24T08:00:00-IPS-001,2011-09-24T08:00Z,STEREO A,STEREO A: IMPACT;STEREO A: PLASTIC;,SWRC_CATALOG
2011-09-24T09:06:00-IPS-001,2011-09-24T09:06Z,STEREO B,STEREO B: IMPACT;STEREO B: PLASTIC;,SWRC_CATALOG
2011-09-26T12:10:00-IPS-001,2011-09-26T12:10Z,Earth,ACE: SWEPAM;ACE: MAG;,SWRC_CATALOG
2011-09-28T20:30:00-IPS-001,2011-09-28T20:30Z,Earth,ACE: SWEPAM;ACE: MAG;,SWRC_CATALOG
2011-10-01T19:00:00-IPS-001,2011-10-01T19:00Z,STEREO A,STEREO A: IMPACT;STEREO A: PLASTIC;,SWRC_CATALOG
2011-10-02T06:53:00-IPS-001,2011-10-02T06:53Z,STEREO A,STEREO A: IMPACT;STEREO A: PLASTIC;,SWRC_CATALOG
2011-10-03T03:00:00-IPS-001,2011-10-03T03:00Z,STEREO A,STEREO A: IMPACT;STEREO A: PLASTIC;,SWRC_CATALOG
2011-10-03T22:30:00-IPS-001,2011-10-03T22:30Z,STEREO B,STEREO B: IMPACT;STEREO B: PLASTIC;,SWRC_CATALOG
2011-10-05T02:32:00-IPS-001,2011-10-05T02:32Z,MESSENGER,MESSENGER: MAG,WINSLOW_MESSENGER_ICME_CATALOG
2011-10-05T06:47:00-IPS-001,2011-10-05T06:47Z,Earth,ACE: SWEPAM;ACE: MAG;,SWRC_CATALOG
2011-10-06T12:00:00-IPS-001,2011-10-06T12:00Z,Earth,ACE: SWEPAM;ACE: MAG;,SWRC_CATALOG
2011-10-07T02:47:00-IPS-001,2011-10-07T02:47Z,Earth,ACE: SWEPAM;ACE: MAG;,SWRC_CATALOG
2011-10-07T11:30:00-IPS-001,2011-10-07T11:30Z,STEREO B,STEREO B: IMPACT;STEREO B: PLASTIC;,SWRC_CATALOG
2011-10-15T08:26:00-IPS-001,2011-10-15T08:26Z,MESSENGER,MESSENGER: MAG,WINSLOW_MESSENGER_ICME_CATALOG
2011-10-18T02:00:00-IPS-001,2011-10-18T02:00Z,STEREO B,STEREO B: IMPACT;STEREO B: PLASTIC;,SWRC_CATALOG
2011-10-22T22:00:00-IPS-001,2011-10-22T22:00Z,Earth,ACE: SWEPAM;ACE: MAG;,SWRC_CATALOG
2011-10-24T17:30:00-IPS-001,2011-10-24T17:30Z,STEREO A,STEREO A: IMPACT;STEREO A: PLASTIC;,SWRC_CATALOG
2011-10-24T17:48:00-IPS-001,2011-10-24T17:48Z,Earth,ACE: SWEPAM;ACE: MAG;,SWRC_CATALOG
2011-10-29T10:00:00-IPS-001,2011-10-29T10:00Z,STEREO B,STEREO B: IMPACT;STEREO B: PLASTIC;,SWRC_CATALOG
2011-10-30T08:49:00-IPS-001,2011-10-30T08:49Z,Earth,ACE: MAG;ACE: SWEPAM;,SWRC_CATALOG
2011-11-01T08:00:00-IPS-001,2011-11-01T08:00Z,Earth,ACE: SWEPAM;ACE: MAG;,SWRC_CATALOG
2011-11-04T15:09:00-IPS-001,2011-11-04T15:09Z,MESSENGER,MESSENGER: MAG,WINSLOW_MESSENGER_ICME_CATALOG
2011-11-06T05:00:00-IPS-001,2011-11-06T05:00Z,STEREO B,STEREO B: IMPACT;STEREO B: PLASTIC;,SWRC_CATALOG
2011-11-07T15:00:00-IPS-001,2011-11-07T15:00Z,Earth,ACE: SWEPAM;ACE: MAG;,SWRC_CATALOG
2011-11-12T03:30:00-IPS-001,2011-11-12T03:30Z,STEREO A,STEREO A: IMPACT;STEREO A: PLASTIC;,SWRC_CATALOG
2011-11-12T05:30:00-IPS-001,2011-11-12T05:30Z,Earth,ACE: SWEPAM;ACE: MAG;,SWRC_CATALOG
2011-11-14T02:06:00-IPS-001,2011-11-14T02:06Z,MESSENGER,MESSENGER: MAG,WINSLOW_MESSENGER_ICME_CATALOG
2011-11-19T07:30:00-IPS-001,2011-11-19T07:30Z,STEREO B,STEREO B: IMPACT;STEREO B: PLASTIC;,SWRC_CATALOG
2011-11-20T14:00:00-IPS-001,2011-11-20T14:00Z,STEREO B,STEREO B: IMPACT;STEREO B: PLASTIC;,SWRC_CATALOG
2011-11-23T05:03:00-IPS-001,2011-11-23T05:03Z,MESSENGER,MESSENGER: MAG,WINSLOW_MESSENGER_ICME_CATALOG
2011-11-25T21:39:00-IPS-001,2011-11-25T21:39Z,STEREO A,STEREO A: IMPACT;STEREO A: PLASTIC;,SWRC_CATALOG
2011-11-26T18:09:00-IPS-001,2011-11-26T18:09Z,STEREO A,STEREO A: IMPACT;STEREO A: PLASTIC;,SWRC_CATALOG
2011-11-28T15:00:00-IPS-001,2011-11-28T15:00Z,STEREO A,STEREO A: IMPACT;STEREO A: PLASTIC;,SWRC_CATALOG
2011-11-28T21:15:00-IPS-001,2011-11-28T21:15Z,Earth,ACE: SWEPAM;ACE: MAG;,SWRC_CATALOG
2011-12-02T05:45:00-IPS-001,2011-12-02T05:45Z,STEREO A,STEREO A: IMPACT;STEREO A: PLASTIC;,SWRC_CATALOG
2011-12-02T16:03:00-IPS-001,2011-12-02T16:03Z,STEREO B,STEREO B: IMPACT;STEREO B: PLASTIC;,SWRC_CATALOG
2011-12-02T17:17:00-IPS-001,2011-12-02T17:17Z,Earth,DSCOVR: PLASMAG,SWRC_CATALOG
2011-12-06T22:45:00-IPS-001,2011-12-06T22:45Z,STEREO A,STEREO A: IMPACT;STEREO A: PLASTIC;,SWRC_CATALOG
2011-12-16T15:00:00-IPS-001,2011-12-16T15:00Z,MESSENGER,MESSENGER: MAG,WINSLOW_MESSENGER_ICME_CATALOG
2011-12-17T02:00:00-IPS-001,2011-12-17T02:00Z,STEREO A,STEREO A: IMPACT;STEREO A: PLASTIC;,SWRC_CATALOG
2011-12-21T09:27:00-IPS-001,2011-12-21T09:27Z,STEREO A,STEREO A: IMPACT;STEREO A: PLASTIC;,SWRC_CATALOG
2011-12-25T02:00:00-IPS-001,2011-12-25T02:00Z,Earth,ACE: SWEPAM;ACE: MAG;,SWRC_CATALOG
2011-12-26T23:50:00-IPS-001,2011-12-26T23:50Z,STEREO B,STEREO B: IMPACT;STEREO B: PLASTIC;,SWRC_CATALOG
2011-12-28T09:56:00-IPS-001,2011-12-28T09:56Z,Earth,ACE: SWEPAM;ACE: MAG;,SWRC_CATALOG
2011-12-30T16:27:00-IPS-001,2011-12-30T16:27Z,MESSENGER,MESSENGER: MAG,WINSLOW_MESSENGER_ICME_CATALOG
2012-01-01T13:30:00-IPS-001,2012-01-01T13:30Z,STEREO A,STEREO A: IMPACT;STEREO A: PLASTIC;,SWRC_CATALOG
2012-01-02T18:28:00-IPS-001,2012-01-02T18:28Z,MESSENGER,MESSENGER: MAG,WINSLOW_MESSENGER_ICME_CATALOG
2012-01-03T04:52:00-IPS-001,2012-01-03T04:52Z,MESSENGER,MESSENGER: MAG,WINSLOW_MESSENGER_ICME_CATALOG
2012-01-03T17:56:00-IPS-001,2012-01-03T17:56Z,MESSENGER,MESSENGER: MAG,WINSLOW_MESSENGER_ICME_CATALOG
2012-01-04T17:00:00-IPS-001,2012-01-04T17:00Z,STEREO A,STEREO A: IMPACT;STEREO A: PLASTIC;,SWRC_CATALOG
2012-01-05T20:40:00-IPS-001,2012-01-05T20:40Z,STEREO A,STEREO A: IMPACT;STEREO A: PLASTIC;,SWRC_CATALOG
2012-01-10T13:30:00-IPS-001,2012-01-10T13:30Z,STEREO B,STEREO B: IMPACT;STEREO B: PLASTIC;,SWRC_CATALOG
2012-01-11T04:30:00-IPS-001,2012-01-11T04:30Z,STEREO B,STEREO B: IMPACT;STEREO B: PLASTIC;,SWRC_CATALOG
2012-01-16T10:00:00-IPS-001,2012-01-16T10:00Z,STEREO B,STEREO B: IMPACT;STEREO B: PLASTIC;,SWRC_CATALOG
2012-01-19T01:46:00-IPS-001,2012-01-19T01:46Z,STEREO B,STEREO B: IMPACT;STEREO B: PLASTIC;,SWRC_CATALOG
2012-01-21T04:00:00-IPS-001,2012-01-21T04:00Z,Earth,ACE: SWEPAM;ACE: MAG;,SWRC_CATALOG
2012-01-22T05:15:00-IPS-001,2012-01-22T05:15Z,Earth,ACE: SWEPAM;ACE: MAG;,SWRC_CATALOG
2012-01-24T14:30:00-IPS-001,2012-01-24T14:30Z,Earth,ACE: MAG,SWRC_CATALOG
2012-01-25T22:10:00-IPS-001,2012-01-25T22:10Z,STEREO A,STEREO A: IMPACT;STEREO A: PLASTIC;,SWRC_CATALOG
2012-01-28T19:40:00-IPS-001,2012-01-28T19:40Z,MESSENGER,MESSENGER: MAG,WINSLOW_MESSENGER_ICME_CATALOG
2012-01-29T05:40:00-IPS-001,2012-01-29T05:40Z,STEREO A,STEREO A: IMPACT;STEREO A: PLASTIC;,SWRC_CATALOG
2012-01-29T12:00:00-IPS-001,2012-01-29T12:00Z,STEREO B,STEREO B: IMPACT;STEREO B: PLASTIC;,SWRC_CATALOG
2012-01-30T11:07:00-IPS-001,2012-01-30T11:07Z,STEREO B,STEREO B: IMPACT;STEREO B: PLASTIC;,SWRC_CATALOG
2012-01-30T15:37:00-IPS-001,2012-01-30T15:37Z,Earth,ACE: SWEPAM;ACE: MAG;,SWRC_CATALOG
2012-02-06T23:30:00-IPS-001,2012-02-06T23:30Z,MESSENGER,MESSENGER: MAG,WINSLOW_MESSENGER_ICME_CATALOG
2012-02-13T16:00:00-IPS-001,2012-02-13T16:00Z,Earth,ACE: SWEPAM;ACE: MAG;,SWRC_CATALOG
2012-02-14T07:03:00-IPS-001,2012-02-14T07:03Z,Earth,ACE: SWEPAM;ACE: MAG;,SWRC_CATALOG
2012-02-16T07:00:00-IPS-001,2012-02-16T07:00Z,Earth,ACE: SWEPAM;ACE: MAG;,SWRC_CATALOG
2012-02-21T05:05:00-IPS-001,2012-02-21T05:05Z,STEREO A,STEREO A: IMPACT;STEREO A: PLASTIC;,SWRC_CATALOG
2012-02-26T20:57:00-IPS-001,2012-02-26T20:57Z,Earth,ACE: MAG;ACE: SWEPAM;,SWRC_CATALOG
2012-02-29T05:00:00-IPS-001,2012-02-29T05:00Z,Earth,ACE: SWEPAM;ACE: MAG;,SWRC_CATALOG
2012-03-02T21:00:00-IPS-001,2012-03-02T21:00Z,Earth,ACE: SWEPAM;ACE: MAG;,SWRC_CATALOG
2012-03-03T10:00:00-IPS-001,2012-03-03T10:00Z,STEREO A,STEREO A: IMPACT;STEREO A: PLASTIC;,SWRC_CATALOG
2012-03-04T10:34:00-IPS-002,2012-03-04T10:34Z,STEREO A,STEREO A: IMPACT;STEREO A: PLASTIC;,SWRC_CATALOG
2012-03-04T10:34:00-IPS-001,2012-03-04T10:34Z,MESSENGER,MESSENGER: MAG,WINSLOW_MESSENGER_ICME_CATALOG
2012-03-04T18:00:00-IPS-001,2012-03-04T18:00Z,STEREO B,STEREO B: IMPACT;STEREO B: PLASTIC;,SWRC_CATALOG
2012-03-05T12:28:00-IPS-001,2012-03-05T12:28Z,MESSENGER,MESSENGER: MAG,WINSLOW_MESSENGER_ICME_CATALOG
2012-03-06T06:40:00-IPS-001,2012-03-06T06:40Z,Earth,ACE: MAG;ACE: SWEPAM;,SWRC_CATALOG
2012-03-07T04:37:00-IPS-001,2012-03-07T04:37Z,MESSENGER,MESSENGER: MAG,WINSLOW_MESSENGER_ICME_CATALOG
2012-03-08T11:03:00-IPS-001,2012-03-08T11:03Z,Earth,ACE: SWEPAM;ACE: MAG;,SWRC_CATALOG
2012-03-08T13:36:00-IPS-001,2012-03-08T13:36Z,STEREO B,STEREO B: IMPACT;STEREO B: PLASTIC;,SWRC_CATALOG
2012-03-10T21:17:00-IPS-001,2012-03-10T21:17Z,STEREO B,STEREO B: IMPACT;STEREO B: PLASTIC;,SWRC_CATALOG
2012-03-11T05:34:00-IPS-001,2012-03-11T05:34Z,MESSENGER,MESSENGER: MAG,WINSLOW_MESSENGER_ICME_CATALOG
2012-03-12T08:42:00-IPS-001,2012-03-12T08:42Z,Earth,ACE: MAG;ACE: SWEPAM;,SWRC_CATALOG
2012-03-15T12:35:00-IPS-001,2012-03-15T12:35Z,Earth,ACE: MAG;ACE: SWEPAM;,SWRC_CATALOG
2012-03-15T22:31:00-IPS-001,2012-03-15T22:31Z,STEREO A,STEREO A: IMPACT;STEREO A: PLASTIC;,SWRC_CATALOG
2012-03-18T19:31:00-IPS-001,2012-03-18T19:31Z,STEREO A,STEREO A: IMPACT;STEREO A: PLASTIC;,SWRC_CATALOG
2012-03-19T19:17:00-IPS-001,2012-03-19T19:17Z,STEREO A,STEREO A: IMPACT;STEREO A: PLASTIC;,SWRC_CATALOG
2012-03-26T16:30:00-IPS-001,2012-03-26T16:30Z,STEREO B,STEREO B: IMPACT;STEREO B: PLASTIC;,SWRC_CATALOG
2012-03-28T21:37:00-IPS-001,2012-03-28T21:37Z,STEREO B,STEREO B: IMPACT;STEREO B: PLASTIC;,SWRC_CATALOG
2012-03-29T23:25:00-IPS-001,2012-03-29T23:25Z,STEREO B,STEREO B: IMPACT;STEREO B: PLASTIC;,SWRC_CATALOG
2012-04-04T22:00:00-IPS-001,2012-04-04T22:00Z,Earth,ACE: SWEPAM;ACE: MAG;,SWRC_CATALOG
2012-04-09T05:13:00-IPS-001,2012-04-09T05:13Z,MESSENGER,MESSENGER: MAG,WINSLOW_MESSENGER_ICME_CATALOG
2012-04-17T03:36:00-IPS-001,2012-04-17T03:36Z,STEREO B,STEREO B: IMPACT;STEREO B: PLASTIC;,SWRC_CATALOG
2012-04-19T10:07:00-IPS-001,2012-04-19T10:07Z,STEREO A,STEREO A: IMPACT;STEREO A: PLASTIC;,SWRC_CATALOG
2012-04-23T02:27:00-IPS-001,2012-04-23T02:27Z,Earth,ACE: MAG;ACE: SWEPAM;,SWRC_CATALOG
2012-04-25T17:00:00-IPS-001,2012-04-25T17:00Z,Earth,ACE: SWEPAM;ACE: MAG;,SWRC_CATALOG
2012-05-08T08:39:00-IPS-001,2012-05-08T08:39Z,MESSENGER,MESSENGER: MAG,WINSLOW_MESSENGER_ICME_CATALOG
2012-05-08T14:55:00-IPS-001,2012-05-08T14:55Z,STEREO B,STEREO B: IMPACT;STEREO B: PLASTIC;,SWRC_CATALOG
2012-05-09T13:30:00-IPS-001,2012-05-09T13:30Z,STEREO B,STEREO B: IMPACT;STEREO B: PLASTIC;,SWRC_CATALOG
2012-05-12T23:08:00-IPS-001,2012-05-12T23:08Z,STEREO B,STEREO B: IMPACT;STEREO B: PLASTIC;,SWRC_CATALOG
2012-05-16T16:00:00-IPS-001,2012-05-16T16:00Z,Earth,ACE: SWEPAM;ACE: MAG;,SWRC_CATALOG
2012-05-18T12:00:00-IPS-001,2012-05-18T12:00Z,STEREO A,STEREO A: IMPACT;STEREO A: PLASTIC;,SWRC_CATALOG
2012-05-18T12:09:00-IPS-001,2012-05-18T12:09Z,MESSENGER,MESSENGER: MAG,WINSLOW_MESSENGER_ICME_CATALOG
2012-05-24T01:00:00-IPS-001,2012-05-24T01:00Z,STEREO A,STEREO A: IMPACT;STEREO A: PLASTIC;,SWRC_CATALOG
2012-05-25T08:22:00-IPS-001,2012-05-25T08:22Z,MESSENGER,MESSENGER: MAG,WINSLOW_MESSENGER_ICME_CATALOG
2012-05-27T08:43:00-IPS-001,2012-05-27T08:43Z,MESSENGER,MESSENGER: MAG,WINSLOW_MESSENGER_ICME_CATALOG
2012-05-28T02:48:00-IPS-001,2012-05-28T02:48Z,STEREO A,STEREO A: IMPACT;STEREO A: PLASTIC;,SWRC_CATALOG
2012-06-08T07:00:00-IPS-001,2012-06-08T07:00Z,Earth,ACE: SWEPAM;ACE: MAG;,SWRC_CATALOG
2012-06-11T21:06:00-IPS-001,2012-06-11T21:06Z,STEREO B,STEREO B: IMPACT;STEREO B: PLASTIC;,SWRC_CATALOG
2012-06-16T08:55:00-IPS-001,2012-06-16T08:55Z,Earth,ACE: MAG;ACE: SWEPAM;,SWRC_CATALOG
2012-06-18T08:00:00-IPS-001,2012-06-18T08:00Z,STEREO B,STEREO B: IMPACT;STEREO B: PLASTIC;,SWRC_CATALOG
2012-06-20T08:20:00-IPS-001,2012-06-20T08:20Z,STEREO A,STEREO A: IMPACT;STEREO A: PLASTIC;,SWRC_CATALOG
2012-06-20T18:16:00-IPS-001,2012-06-20T18:16Z,MESSENGER,MESSENGER: MAG,WINSLOW_MESSENGER_ICME_CATALOG
2012-06-25T20:55:00-IPS-001,2012-06-25T20:55Z,STEREO A,STEREO A: IMPACT;STEREO A: PLASTIC;,SWRC_CATALOG
2012-06-28T08:38:00-IPS-001,2012-06-28T08:38Z,STEREO B,STEREO B: IMPACT;STEREO B: PLASTIC;,SWRC_CATALOG
2012-07-04T06:56:00-IPS-001,2012-07-04T06:56Z,STEREO B,STEREO B: IMPACT;STEREO B: PLASTIC;,SWRC_CATALOG
2012-07-04T19:00:00-IPS-001,2012-07-04T19:00Z,Earth,DSCOVR: PLASMAG,SWRC_CATALOG
2012-07-08T08:00:00-IPS-001,2012-07-08T08:00Z,Earth,ACE: SWEPAM;ACE: MAG;,SWRC_CATALOG
2012-07-10T18:55:00-IPS-001,2012-07-10T18:55Z,STEREO A,STEREO A: IMPACT;STEREO A: PLASTIC;,SWRC_CATALOG
2012-07-13T10:52:00-IPS-001,2012-07-13T10:52Z,MESSENGER,MESSENGER: MAG,WINSLOW_MESSENGER_ICME_CATALOG
2012-07-14T17:26:00-IPS-001,2012-07-14T17:26Z,Earth,ACE: MAG;ACE: SWEPAM;,SWRC_CATALOG
2012-07-16T00:45:00-IPS-001,2012-07-16T00:45Z,STEREO A,STEREO A: IMPACT;STEREO A: PLASTIC;,SWRC_CATALOG
2012-07-17T03:40:00-IPS-001,2012-07-17T03:40Z,STEREO A,STEREO A: IMPACT;STEREO A: PLASTIC;,SWRC_CATALOG
2012-07-20T22:43:00-IPS-001,2012-07-20T22:43Z,STEREO A,STEREO A: IMPACT;STEREO A: PLASTIC;,SWRC_CATALOG
2012-07-21T16:12:00-IPS-001,2012-07-21T16:12Z,Earth,ACE: SWEPAM;ACE: MAG;,SWRC_CATALOG
2012-07-23T20:55:00-IPS-001,2012-07-23T20:55Z,STEREO A,STEREO A: IMPACT;STEREO A: PLASTIC;,SWRC_CATALOG
2012-07-23T21:21:00-IPS-001,2012-07-23T21:21Z,STEREO B,STEREO B: IMPACT;STEREO B: PLASTIC;,SWRC_CATALOG
2012-07-28T14:59:00-IPS-001,2012-07-28T14:59Z,STEREO B,STEREO B: IMPACT;STEREO B: PLASTIC;,SWRC_CATALOG
2012-08-05T15:37:00-IPS-001,2012-08-05T15:37Z,STEREO A,STEREO A: IMPACT;STEREO A: PLASTIC;,SWRC_CATALOG
2012-08-07T21:18:00-IPS-001,2012-08-07T21:18Z,Earth,ACE: MAG;ACE: SWEPAM;,SWRC_CATALOG
2012-08-09T11:33:00-IPS-001,2012-08-09T11:33Z,MESSENGER,MESSENGER: MAG,WINSLOW_MESSENGER_ICME_CATALOG
2012-08-13T14:23:00-IPS-001,2012-08-13T14:23Z,STEREO A,STEREO A: IMPACT;STEREO A: PLASTIC;,SWRC_CATALOG
2012-08-24T22:23:00-IPS-001,2012-08-24T22:23Z,STEREO B,STEREO B: IMPACT;STEREO B: PLASTIC;,SWRC_CATALOG
2012-08-29T06:35:00-IPS-001,2012-08-29T06:35Z,STEREO B,STEREO B: IMPACT;STEREO B: PLASTIC;,SWRC_CATALOG
2012-09-01T06:00:00-IPS-001,2012-09-01T06:00Z,Earth,ACE: SWEPAM;ACE: MAG;,SWRC_CATALOG
2012-09-03T07:11:00-IPS-001,2012-09-03T07:11Z,STEREO B,STEREO B: IMPACT;STEREO B: PLASTIC;,SWRC_CATALOG
2012-09-03T11:23:00-IPS-001,2012-09-03T11:23Z,Earth,ACE: MAG;ACE: SWEPAM;,SWRC_CATALOG
2012-09-04T22:45:00-IPS-001,2012-09-04T22:45Z,Earth,ACE: SWEPAM;ACE: MAG;,SWRC_CATALOG
2012-09-06T02:00:00-IPS-001,2012-09-06T02:00Z,Earth,ACE: SWEPAM;ACE: MAG;,SWRC_CATALOG
2012-09-09T00:07:00-IPS-001,2012-09-09T00:07Z,STEREO A,STEREO A: IMPACT;STEREO A: PLASTIC;,SWRC_CATALOG
2012-09-09T10:26:00-IPS-001,2012-09-09T10:26Z,MESSENGER,MESSENGER: MAG,WINSLOW_MESSENGER_ICME_CATALOG
2012-09-11T17:10:00-IPS-001,2012-09-11T17:10Z,STEREO A,STEREO A: IMPACT;STEREO A: PLASTIC;,SWRC_CATALOG
2012-09-16T23:11:00-IPS-001,2012-09-16T23:11Z,STEREO A,STEREO A: IMPACT;STEREO A: PLASTIC;,SWRC_CATALOG
2012-09-19T09:53:00-IPS-001,2012-09-19T09:53Z,MESSENGER,MESSENGER: MAG,WINSLOW_MESSENGER_ICME_CATALOG
2012-09-19T21:45:00-IPS-001,2012-09-19T21:45Z,STEREO A,STEREO A: IMPACT;STEREO A: PLASTIC;,SWRC_CATALOG
2012-09-20T18:29:00-IPS-001,2012-09-20T18:29Z,MESSENGER,MESSENGER: MAG,WINSLOW_MESSENGER_ICME_CATALOG
2012-09-23T08:44:00-IPS-001,2012-09-23T08:44Z,STEREO B,STEREO B: IMPACT;STEREO B: PLASTIC;,SWRC_CATALOG
2012-09-23T14:28:00-IPS-001,2012-09-23T14:28Z,STEREO A,STEREO A: IMPACT;STEREO A: PLASTIC;,SWRC_CATALOG
2012-09-25T16:26:00-IPS-001,2012-09-25T16:26Z,STEREO B,STEREO B: PLASTIC;STEREO B: IMPACT;,SWRC_CATALOG
2012-09-29T18:45:00-IPS-001,2012-09-29T18:45Z,STEREO A,STEREO A: IMPACT;STEREO A: PLASTIC;,SWRC_CATALOG
2012-09-30T22:12:00-IPS-001,2012-09-30T22:12Z,Earth,ACE: MAG;ACE: SWEPAM;,SWRC_CATALOG
2012-10-02T22:00:00-IPS-001,2012-10-02T22:00Z,Earth,ACE: SWEPAM;ACE: MAG;,SWRC_CATALOG
2012-10-05T02:51:00-IPS-001,2012-10-05T02:51Z,STEREO A,STEREO A: IMPACT;STEREO A: PLASTIC;,SWRC_CATALOG
2012-10-08T04:30:00-IPS-001,2012-10-08T04:30Z,Earth,ACE: MAG;ACE: SWEPAM;,SWRC_CATALOG
2012-10-11T01:46:00-IPS-001,2012-10-11T01:46Z,STEREO A,STEREO A: IMPACT;STEREO A: PLASTIC;,SWRC_CATALOG
2012-10-12T00:13:00-IPS-001,2012-10-12T00:13Z,STEREO B,STEREO B: IMPACT;STEREO B: PLASTIC;,SWRC_CATALOG
2012-10-12T19:00:00-IPS-001,2012-10-12T19:00Z,Earth,ACE: SWEPAM;ACE: MAG;,SWRC_CATALOG
2012-10-17T06:57:00-IPS-001,2012-10-17T06:57Z,STEREO B,STEREO B: IMPACT;STEREO B: PLASTIC;,SWRC_CATALOG
2012-10-22T15:35:00-IPS-001,2012-10-22T15:35Z,STEREO A,STEREO A: IMPACT;STEREO A: PLASTIC;,SWRC_CATALOG
2012-10-23T09:54:00-IPS-001,2012-10-23T09:54Z,MESSENGER,MESSENGER: MAG,WINSLOW_MESSENGER_ICME_CATALOG
2012-10-25T19:10:00-IPS-001,2012-10-25T19:10Z,STEREO B,STEREO B: IMPACT;STEREO B: PLASTIC;,SWRC_CATALOG
2012-10-26T00:42:00-IPS-001,2012-10-26T00:42Z,STEREO A,STEREO A: IMPACT;STEREO A: PLASTIC;,SWRC_CATALOG
2012-10-27T16:42:00-IPS-001,2012-10-27T16:42Z,MESSENGER,MESSENGER: MAG,WINSLOW_MESSENGER_ICME_CATALOG
2012-10-31T15:00:00-IPS-001,2012-10-31T15:00Z,Earth,ACE: SWEPAM;ACE: MAG;,SWRC_CATALOG
2012-11-04T01:22:00-IPS-001,2012-11-04T01:22Z,STEREO B,STEREO B: IMPACT;STEREO B: PLASTIC;,SWRC_CATALOG
2012-11-09T03:00:00-IPS-001,2012-11-09T03:00Z,Earth,ACE: SWEPAM;ACE: MAG;,SWRC_CATALOG
2012-11-10T22:30:00-IPS-001,2012-11-10T22:30Z,STEREO A,STEREO A: IMPACT;STEREO A: PLASTIC;,SWRC_CATALOG
2012-11-11T13:36:00-IPS-001,2012-11-11T13:36Z,STEREO B,STEREO B: IMPACT;STEREO B: PLASTIC;,SWRC_CATALOG
2012-11-11T21:19:00-IPS-001,2012-11-11T21:19Z,STEREO A,STEREO A: IMPACT;STEREO A: PLASTIC;,SWRC_CATALOG
2012-11-12T22:15:00-IPS-001,2012-11-12T22:15Z,Earth,ACE: MAG;ACE: SWEPAM;,SWRC_CATALOG
2012-11-13T20:57:00-IPS-001,2012-11-13T20:57Z,STEREO A,STEREO A: IMPACT;STEREO A: PLASTIC;,SWRC_CATALOG
2012-11-19T09:50:00-IPS-001,2012-11-19T09:50Z,STEREO B,STEREO B: IMPACT;STEREO B: PLASTIC;,SWRC_CATALOG
2012-11-20T02:00:00-IPS-001,2012-11-20T02:00Z,STEREO B,STEREO B: IMPACT;STEREO B: PLASTIC;,SWRC_CATALOG
2012-11-21T06:07:00-IPS-001,2012-11-21T06:07Z,MESSENGER,MESSENGER: MAG,WINSLOW_MESSENGER_ICME_CATALOG
2012-11-23T18:27:00-IPS-001,2012-11-23T18:27Z,STEREO A,STEREO A: IMPACT;STEREO A: PLASTIC;,SWRC_CATALOG
2012-11-23T21:10:00-IPS-001,2012-11-23T21:10Z,Earth,ACE: MAG;ACE: SWEPAM;,SWRC_CATALOG
2012-11-26T07:57:00-IPS-001,2012-11-26T07:57Z,STEREO A,STEREO A: IMPACT;STEREO A: PLASTIC;,SWRC_CATALOG
2012-11-26T12:00:00-IPS-001,2012-11-26T12:00Z,Earth,ACE: SWEPAM;ACE: MAG;,SWRC_CATALOG
2012-11-28T03:36:00-IPS-001,2012-11-28T03:36Z,STEREO B,STEREO B: IMPACT;STEREO B: PLASTIC;,SWRC_CATALOG
2012-11-28T18:00:00-IPS-001,2012-11-28T18:00Z,Earth,ACE: SWEPAM;ACE: MAG;,SWRC_CATALOG
2012-12-14T02:00:00-IPS-001,2012-12-14T02:00Z,Earth,ACE: SWEPAM;ACE: MAG;,SWRC_CATALOG
2012-12-25T00:37:00-IPS-001,2012-12-25T00:37Z,STEREO B,STEREO B: IMPACT;STEREO B: PLASTIC;,SWRC_CATALOG
2013-01-09T02:25:00-IPS-001,2013-01-09T02:25Z,STEREO A,STEREO A: IMPACT;STEREO A: PLASTIC;,SWRC_CATALOG
2013-01-17T16:00:00-IPS-001,2013-01-17T16:00Z,Earth,ACE: SWEPAM;ACE: MAG;,SWRC_CATALOG
2013-01-18T12:37:00-IPS-001,2013-01-18T12:37Z,Earth,ACE: SWEPAM;ACE: MAG;,SWRC_CATALOG
2013-01-25T00:14:00-IPS-001,2013-01-25T00:14Z,STEREO A,STEREO A: IMPACT;STEREO A: PLASTIC;,SWRC_CATALOG
2013-02-08T07:44:00-IPS-001,2013-02-08T07:44Z,STEREO A,STEREO A: IMPACT;STEREO A: PLASTIC;,SWRC_CATALOG
2013-02-08T08:20:00-IPS-001,2013-02-08T08:20Z,STEREO B,STEREO B: IMPACT;STEREO B: PLASTIC;,SWRC_CATALOG
2013-02-13T17:00:00-IPS-001,2013-02-13T17:00Z,Earth,ACE: SWEPAM;ACE: MAG;,SWRC_CATALOG
2013-02-16T12:09:00-IPS-001,2013-02-16T12:09Z,Earth,ACE: SWEPAM;ACE: MAG;,SWRC_CATALOG
2013-02-18T03:06:00-IPS-001,2013-02-18T03:06Z,STEREO B,STEREO B: IMPACT;STEREO B: PLASTIC;,SWRC_CATALOG
2013-02-19T07:44:00-IPS-001,2013-02-19T07:44Z,STEREO A,STEREO A: IMPACT;STEREO A: PLASTIC;,SWRC_CATALOG
2013-02-28T21:14:00-IPS-001,2013-02-28T21:14Z,STEREO A,STEREO A: IMPACT;STEREO A: PLASTIC;,SWRC_CATALOG
2013-03-07T12:23:00-IPS-001,2013-03-07T12:23Z,STEREO B,STEREO B: IMPACT;STEREO B: PLASTIC;,SWRC_CATALOG
2013-03-08T02:20:00-IPS-001,2013-03-08T02:20Z,STEREO A,STEREO A: IMPACT;STEREO A: PLASTIC;,SWRC_CATALOG
2013-03-17T05:59:00-IPS-001,2013-03-17T05:59Z,Earth,ACE: MAG;ACE: SWEPAM;,SWRC_CATALOG
2013-03-20T17:00:00-IPS-001,2013-03-20T17:00Z,Earth,ACE: SWEPAM;ACE: MAG;,SWRC_CATALOG
2013-03-24T05:20:00-IPS-001,2013-03-24T05:20Z,STEREO B,STEREO B: IMPACT;STEREO B: PLASTIC;,SWRC_CATALOG
2013-03-26T02:45:00-IPS-001,2013-03-26T02:45Z,STEREO A,STEREO A: IMPACT;STEREO A: PLASTIC;,SWRC_CATALOG
2013-03-27T16:09:00-IPS-001,2013-03-27T16:09Z,STEREO A,STEREO A: IMPACT;STEREO A: PLASTIC;,SWRC_CATALOG
2013-04-09T23:40:00-IPS-001,2013-04-09T23:40Z,STEREO B,STEREO B: IMPACT;STEREO B: PLASTIC;,SWRC_CATALOG
2013-04-13T22:12:00-IPS-001,2013-04-13T22:12Z,Earth,ACE: MAG;ACE: SWEPAM;,SWRC_CATALOG
2013-04-16T15:36:00-IPS-001,2013-04-16T15:36Z,STEREO A,STEREO A: IMPACT;STEREO A: PLASTIC;,SWRC_CATALOG
2013-04-18T06:10:00-IPS-001,2013-04-18T06:10Z,STEREO A,STEREO A: IMPACT;STEREO A: PLASTIC;,SWRC_CATALOG
2013-04-21T06:42:00-IPS-001,2013-04-21T06:42Z,MESSENGER,MESSENGER: MAG,WINSLOW_MESSENGER_ICME_CATALOG
2013-04-22T05:50:00-IPS-001,2013-04-22T05:50Z,MESSENGER,MESSENGER: MAG,WINSLOW_MESSENGER_ICME_CATALOG
2013-04-22T10:08:00-IPS-001,2013-04-22T10:08Z,STEREO A,STEREO A: IMPACT;STEREO A: PLASTIC;,SWRC_CATALOG
2013-04-27T01:09:00-IPS-001,2013-04-27T01:09Z,STEREO B,STEREO B: IMPACT;STEREO B: PLASTIC;,SWRC_CATALOG
2013-04-27T04:19:00-IPS-001,2013-04-27T04:19Z,STEREO A,STEREO A: IMPACT;STEREO A: PLASTIC;,SWRC_CATALOG
2013-04-27T23:32:00-IPS-001,2013-04-27T23:32Z,STEREO A,STEREO A: IMPACT;STEREO A: PLASTIC;,SWRC_CATALOG
2013-04-28T19:38:00-IPS-001,2013-04-28T19:38Z,STEREO B,STEREO B: IMPACT;STEREO B: PLASTIC;,SWRC_CATALOG
2013-04-30T09:49:00-IPS-001,2013-04-30T09:49Z,Earth,ACE: SWEPAM;ACE: MAG;,SWRC_CATALOG
2013-05-01T05:45:00-IPS-001,2013-05-01T05:45Z,MESSENGER,MESSENGER: MAG,WINSLOW_MESSENGER_ICME_CATALOG
2013-05-01T09:00:00-IPS-001,2013-05-01T09:00Z,Earth,ACE: SWEPAM;ACE: MAG;,SWRC_CATALOG
2013-05-02T21:02:00-IPS-001,2013-05-02T21:02Z,STEREO A,STEREO A: IMPACT;STEREO A: PLASTIC;,SWRC_CATALOG
2013-05-04T04:52:00-IPS-001,2013-05-04T04:52Z,STEREO B,STEREO B: IMPACT;STEREO B: PLASTIC;,SWRC_CATALOG
2013-05-07T04:37:00-IPS-001,2013-05-07T04:37Z,STEREO B,STEREO B: IMPACT;STEREO B: PLASTIC;,SWRC_CATALOG
2013-05-12T23:30:00-IPS-001,2013-05-12T23:30Z,STEREO A,STEREO A: IMPACT;STEREO A: PLASTIC;,SWRC_CATALOG
2013-05-15T13:34:00-IPS-001,2013-05-15T13:34Z,STEREO B,STEREO B: IMPACT;STEREO B: PLASTIC;,SWRC_CATALOG
2013-05-17T02:54:00-IPS-001,2013-05-17T02:54Z,STEREO B,STEREO B: IMPACT;STEREO B: PLASTIC;,SWRC_CATALOG
2013-05-18T00:23:00-IPS-001,2013-05-18T00:23Z,Earth,ACE: MAG;ACE: SWEPAM;,SWRC_CATALOG
2013-05-19T18:53:00-IPS-001,2013-05-19T18:53Z,MESSENGER,MESSENGER: MAG,WINSLOW_MESSENGER_ICME_CATALOG
2013-05-19T22:20:00-IPS-001,2013-05-19T22:20Z,Earth,ACE: MAG;ACE: SWEPAM;,SWRC_CATALOG
2013-05-24T17:35:00-IPS-001,2013-05-24T17:35Z,Earth,ACE: MAG;ACE: SWEPAM;,SWRC_CATALOG
2013-05-25T20:00:00-IPS-001,2013-05-25T20:00Z,Earth,ACE: SWEPAM;ACE: MAG;,SWRC_CATALOG
2013-05-29T12:00:00-IPS-001,2013-05-29T12:00Z,STEREO A,STEREO A: IMPACT;STEREO A: PLASTIC;,SWRC_CATALOG
2013-06-02T06:09:00-IPS-001,2013-06-02T06:09Z,STEREO B,STEREO B: IMPACT;STEREO B: PLASTIC;,SWRC_CATALOG
2013-06-06T02:55:00-IPS-001,2013-06-06T02:55Z,Earth,ACE: SWEPAM;ACE: MAG;,SWRC_CATALOG
2013-06-08T06:00:00-IPS-001,2013-06-08T06:00Z,Earth,ACE: SWEPAM;ACE: MAG;,SWRC_CATALOG
2013-06-19T15:08:00-IPS-001,2013-06-19T15:08Z,STEREO B,STEREO B: IMPACT;STEREO B: PLASTIC;,SWRC_CATALOG
2013-06-19T21:30:00-IPS-001,2013-06-19T21:30Z,STEREO A,STEREO A: IMPACT;STEREO A: PLASTIC;,SWRC_CATALOG
2013-06-20T11:13:00-IPS-001,2013-06-20T11:13Z,STEREO A,STEREO A: IMPACT;STEREO A: PLASTIC;,SWRC_CATALOG
2013-06-21T17:37:00-IPS-001,2013-06-21T17:37Z,MESSENGER,MESSENGER: MAG,WINSLOW_MESSENGER_ICME_CATALOG
2013-06-27T14:38:00-IPS-001,2013-06-27T14:38Z,Earth,ACE: SWEPAM;ACE: MAG;,SWRC_CATALOG
2013-06-27T16:17:00-IPS-001,2013-06-27T16:17Z,STEREO A,STEREO A: IMPACT;STEREO A: PLASTIC;,SWRC_CATALOG
2013-07-05T01:00:00-IPS-001,2013-07-05T01:00Z,Earth,ACE: MAG;ACE: SWEPAM;,SWRC_CATALOG
2013-07-05T07:04:00-IPS-001,2013-07-05T07:04Z,STEREO B,STEREO B: IMPACT;STEREO B: PLASTIC;,SWRC_CATALOG
2013-07-09T19:56:00-IPS-001,2013-07-09T19:56Z,Earth,ACE: MAG;ACE: SWEPAM;,SWRC_CATALOG
2013-07-11T01:05:00-IPS-001,2013-07-11T01:05Z,MESSENGER,MESSENGER: MAG,WINSLOW_MESSENGER_ICME_CATALOG
2013-07-12T17:14:00-IPS-001,2013-07-12T17:14Z,Earth,ACE: MAG;ACE: SWEPAM;,SWRC_CATALOG
2013-07-14T23:20:00-IPS-001,2013-07-14T23:20Z,STEREO A,STEREO A: IMPACT;STEREO A: PLASTIC;,SWRC_CATALOG
2013-07-25T06:12:00-IPS-001,2013-07-25T06:12Z,STEREO A,STEREO A: IMPACT;STEREO A: PLASTIC;,SWRC_CATALOG
2013-07-27T18:52:00-IPS-001,2013-07-27T18:52Z,STEREO A,STEREO A: IMPACT;STEREO A: PLASTIC;,SWRC_CATALOG
2013-08-10T09:16:00-IPS-001,2013-08-10T09:16Z,STEREO A,STEREO A: IMPACT;STEREO A: PLASTIC;,SWRC_CATALOG
2013-08-20T12:41:00-IPS-001,2013-08-20T12:41Z,MESSENGER,MESSENGER: MAG,WINSLOW_MESSENGER_ICME_CATALOG
2013-08-20T22:27:00-IPS-001,2013-08-20T22:27Z,Earth,ACE: SWEPAM;ACE: MAG;,SWRC_CATALOG
2013-08-22T02:10:00-IPS-001,2013-08-22T02:10Z,STEREO B,STEREO B: IMPACT;STEREO B: PLASTIC;,SWRC_CATALOG
2013-08-22T07:05:00-IPS-001,2013-08-22T07:05Z,STEREO A,STEREO A: IMPACT;STEREO A: PLASTIC;,SWRC_CATALOG
2013-08-22T19:26:00-IPS-001,2013-08-22T19:26Z,Earth,ACE: SWEPAM;ACE: MAG;,SWRC_CATALOG
2013-08-24T00:03:00-IPS-001,2013-08-24T00:03Z,Earth,ACE: SWEPAM;ACE: MAG;,SWRC_CATALOG
2013-09-01T01:10:00-IPS-001,2013-09-01T01:10Z,STEREO A,STEREO A: IMPACT;STEREO A: PLASTIC;,SWRC_CATALOG
2013-09-03T15:50:00-IPS-001,2013-09-03T15:50Z,STEREO B,STEREO B: IMPACT;STEREO B: PLASTIC;,SWRC_CATALOG
2013-09-05T13:39:00-IPS-001,2013-09-05T13:39Z,MESSENGER,MESSENGER: MAG,WINSLOW_MESSENGER_ICME_CATALOG
2013-09-09T14:32:00-IPS-001,2013-09-09T14:32Z,STEREO B,STEREO B: IMPACT,SWRC_CATALOG
2013-09-12T23:36:00-IPS-001,2013-09-12T23:36Z,MESSENGER,MESSENGER: MAG,WINSLOW_MESSENGER_ICME_CATALOG
2013-09-15T16:20:00-IPS-001,2013-09-15T16:20Z,STEREO B,STEREO B: IMPACT;STEREO B: PLASTIC;,SWRC_CATALOG
2013-09-21T06:00:00-IPS-001,2013-09-21T06:00Z,STEREO A,STEREO A: IMPACT;STEREO A: PLASTIC;,SWRC_CATALOG
2013-10-02T01:54:00-IPS-001,2013-10-02T01:54Z,Earth,ACE: MAG;ACE: SWEPAM;,SWRC_CATALOG
2013-10-04T04:28:00-IPS-001,2013-10-04T04:28Z,STEREO A,STEREO A: IMPACT;STEREO A: PLASTIC;,SWRC_CATALOG
2013-10-08T04:54:00-IPS-001,2013-10-08T04:54Z,STEREO B,STEREO B: IMPACT;STEREO B: PLASTIC;,SWRC_CATALOG
2013-10-08T20:20:00-IPS-001,2013-10-08T20:20Z,Earth,ACE: MAG;ACE: SWEPAM;,SWRC_CATALOG
2013-10-17T15:15:00-IPS-001,2013-10-17T15:15Z,STEREO A,STEREO A: IMPACT;STEREO A: PLASTIC;,SWRC_CATALOG
2013-10-21T18:23:00-IPS-001,2013-10-21T18:23Z,STEREO B,STEREO B: IMPACT;STEREO B: PLASTIC;,SWRC_CATALOG
2013-10-22T17:01:00-IPS-001,2013-10-22T17:01Z,STEREO A,STEREO A: IMPACT;STEREO A: PLASTIC;,SWRC_CATALOG
2013-10-26T11:07:00-IPS-001,2013-10-26T11:07Z,MESSENGER,MESSENGER: MAG,WINSLOW_MESSENGER_ICME_CATALOG
2013-10-27T12:35:00-IPS-001,2013-10-27T12:35Z,MESSENGER,MESSENGER: MAG,WINSLOW_MESSENGER_ICME_CATALOG
2013-10-29T07:00:00-IPS-001,2013-10-29T07:00Z,Earth,ACE: SWEPAM;ACE: MAG;,SWRC_CATALOG
2013-10-29T07:15:00-IPS-001,2013-10-29T07:15Z,MESSENGER,MESSENGER: MAG,WINSLOW_MESSENGER_ICME_CATALOG
2013-11-01T10:55:00-IPS-001,2013-11-01T10:55Z,STEREO A,STEREO A: IMPACT;STEREO A: PLASTIC;,SWRC_CATALOG
2013-11-04T08:56:00-IPS-001,2013-11-04T08:56Z,STEREO A,STEREO A: IMPACT;STEREO A: PLASTIC;,SWRC_CATALOG
2013-11-05T02:43:00-IPS-001,2013-11-05T02:43Z,STEREO B,STEREO B: IMPACT;STEREO B: PLASTIC;,SWRC_CATALOG
2013-11-06T02:00:00-IPS-001,2013-11-06T02:00Z,STEREO B,STEREO B: IMPACT;STEREO B: PLASTIC;,SWRC_CATALOG
2013-11-07T00:00:00-IPS-001,2013-11-07T00:00Z,Earth,ACE: SWEPAM;ACE: MAG;,SWRC_CATALOG
2013-11-08T13:30:00-IPS-001,2013-11-08T13:30Z,STEREO B,STEREO B: IMPACT;STEREO B: PLASTIC;,SWRC_CATALOG
2013-11-08T22:00:00-IPS-001,2013-11-08T22:00Z,Earth,ACE: SWEPAM;ACE: MAG;,SWRC_CATALOG
2013-11-11T10:31:00-IPS-001,2013-11-11T10:31Z,STEREO A,STEREO A: IMPACT;STEREO A: PLASTIC;,SWRC_CATALOG
2013-11-11T17:00:00-IPS-001,2013-11-11T17:00Z,Earth,ACE: MAG;ACE: SWEPAM;,SWRC_CATALOG
2013-11-13T17:00:00-IPS-001,2013-11-13T17:00Z,STEREO A,STEREO A: IMPACT;STEREO A: PLASTIC;,SWRC_CATALOG
2013-11-14T05:50:00-IPS-001,2013-11-14T05:50Z,STEREO A,STEREO A: IMPACT;STEREO A: PLASTIC;,SWRC_CATALOG
2013-11-18T18:24:00-IPS-001,2013-11-18T18:24Z,STEREO A,STEREO A: IMPACT;STEREO A: PLASTIC;,SWRC_CATALOG
2013-11-23T01:00:00-IPS-001,2013-11-23T01:00Z,Earth,ACE: MAG;ACE: SWEPAM;,SWRC_CATALOG
2013-11-24T03:22:00-IPS-001,2013-11-24T03:22Z,STEREO B,STEREO B: IMPACT;STEREO B: PLASTIC;,SWRC_CATALOG
2013-11-26T19:30:00-IPS-001,2013-11-26T19:30Z,STEREO A,STEREO A: IMPACT;STEREO A: PLASTIC;,SWRC_CATALOG
2013-11-30T14:25:00-IPS-001,2013-11-30T14:25Z,MESSENGER,MESSENGER: MAG,WINSLOW_MESSENGER_ICME_CATALOG
2013-11-30T20:00:00-IPS-001,2013-11-30T20:00Z,Earth,ACE: SWEPAM;ACE: MAG;,SWRC_CATALOG
2013-12-01T13:00:00-IPS-001,2013-12-01T13:00Z,Earth,ACE: MAG;ACE: SWEPAM;,SWRC_CATALOG
2013-12-01T22:29:00-IPS-001,2013-12-01T22:29Z,STEREO A,STEREO A: IMPACT;STEREO A: PLASTIC;,SWRC_CATALOG
2013-12-08T00:00:00-IPS-001,2013-12-08T00:00Z,Earth,ACE: MAG;ACE: SWEPAM;,SWRC_CATALOG
2013-12-08T18:22:00-IPS-001,2013-12-08T18:22Z,STEREO B,STEREO B: IMPACT;STEREO B: PLASTIC;,SWRC_CATALOG
2013-12-15T13:00:00-IPS-001,2013-12-15T13:00Z,Earth,ACE: MAG;ACE: SWEPAM;,SWRC_CATALOG
2013-12-17T13:29:00-IPS-001,2013-12-17T13:29Z,STEREO B,STEREO B: IMPACT;STEREO B: PLASTIC;,SWRC_CATALOG
2013-12-21T08:25:00-IPS-001,2013-12-21T08:25Z,STEREO B,STEREO B: IMPACT;STEREO B: PLASTIC;,SWRC_CATALOG
2013-12-22T00:00:00-IPS-001,2013-12-22T00:00Z,STEREO B,STEREO B: IMPACT;STEREO B: PLASTIC;,SWRC_CATALOG
2013-12-24T21:00:00-IPS-001,2013-12-24T21:00Z,Earth,ACE: MAG;ACE: SWEPAM;,SWRC_CATALOG
2013-12-25T11:49:00-IPS-001,2013-12-25T11:49Z,STEREO A,STEREO A: IMPACT;STEREO A: PLASTIC;,SWRC_CATALOG
2013-12-27T04:14:00-IPS-001,2013-12-27T04:14Z,MESSENGER,MESSENGER: MAG,WINSLOW_MESSENGER_ICME_CATALOG
2013-12-27T22:22:00-IPS-001,2013-12-27T22:22Z,STEREO A,STEREO A: IMPACT;STEREO A: PLASTIC;,SWRC_CATALOG
2013-12-28T16:00:00-IPS-001,2013-12-28T16:00Z,STEREO B,STEREO B: PLASTIC,SWRC_CATALOG
2013-12-28T17:06:00-IPS-001,2013-12-28T17:06Z,STEREO B,STEREO B: IMPACT;STEREO B: PLASTIC;,SWRC_CATALOG
2013-12-30T09:00:00-IPS-001,2013-12-30T09:00Z,Earth,ACE: MAG;ACE: SWEPAM;,SWRC_CATALOG
2013-12-31T13:31:00-IPS-001,2013-12-31T13:31Z,STEREO A,STEREO A: IMPACT;STEREO A: PLASTIC;,SWRC_CATALOG
2013-12-31T21:47:00-IPS-001,2013-12-31T21:47Z,STEREO B,STEREO B: IMPACT;STEREO B: PLASTIC;,SWRC_CATALOG
2014-01-01T10:10:00-IPS-001,2014-01-01T10:10Z,Earth,ACE: MAG,SWRC_CATALOG
2014-01-05T06:00:00-IPS-001,2014-01-05T06:00Z,STEREO A,STEREO A: IMPACT;STEREO A: PLASTIC;,SWRC_CATALOG
2014-01-07T14:26:00-IPS-001,2014-01-07T14:26Z,Earth,ACE: MAG;ACE: SWEPAM;,SWRC_CATALOG
2014-01-08T17:00:00-IPS-001,2014-01-08T17:00Z,STEREO A,STEREO A: IMPACT;STEREO A: PLASTIC;,SWRC_CATALOG
2014-01-09T13:17:00-IPS-001,2014-01-09T13:17Z,STEREO A,STEREO A: IMPACT;STEREO A: PLASTIC;,SWRC_CATALOG
2014-01-09T19:32:00-IPS-001,2014-01-09T19:32Z,Earth,ACE: MAG;ACE: SWEPAM;,SWRC_CATALOG
2014-01-13T17:17:00-IPS-001,2014-01-13T17:17Z,STEREO A,STEREO A: IMPACT;STEREO A: PLASTIC;,SWRC_CATALOG
2014-01-16T20:00:00-IPS-001,2014-01-16T20:00Z,Earth,ACE: MAG;ACE: SWEPAM;,SWRC_CATALOG
2014-01-18T19:43:00-IPS-001,2014-01-18T19:43Z,MESSENGER,MESSENGER: MAG,WINSLOW_MESSENGER_ICME_CATALOG
2014-01-24T03:25:00-IPS-001,2014-01-24T03:25Z,MESSENGER,MESSENGER: MAG,WINSLOW_MESSENGER_ICME_CATALOG
2014-01-24T07:00:00-IPS-001,2014-01-24T07:00Z,STEREO B,STEREO B: IMPACT;STEREO B: PLASTIC;,SWRC_CATALOG
2014-01-25T02:00:00-IPS-001,2014-01-25T02:00Z,STEREO B,STEREO B: IMPACT;STEREO B: PLASTIC;,SWRC_CATALOG
2014-01-27T18:37:00-IPS-001,2014-01-27T18:37Z,MESSENGER,MESSENGER: MAG,WINSLOW_MESSENGER_ICME_CATALOG
2014-01-29T05:20:00-IPS-001,2014-01-29T05:20Z,STEREO B,STEREO B: IMPACT;STEREO B: PLASTIC;,SWRC_CATALOG
2014-01-29T18:13:00-IPS-001,2014-01-29T18:13Z,STEREO A,STEREO A: IMPACT;STEREO A: PLASTIC;,SWRC_CATALOG
2014-02-01T06:30:00-IPS-001,2014-02-01T06:30Z,STEREO A,STEREO A: IMPACT;STEREO A: PLASTIC;,SWRC_CATALOG
2014-02-02T00:18:00-IPS-001,2014-02-02T00:18Z,STEREO A,STEREO A: IMPACT;STEREO A: PLASTIC;,SWRC_CATALOG
2014-02-02T23:18:00-IPS-001,2014-02-02T23:18Z,Earth,ACE: MAG;ACE: SWEPAM;,SWRC_CATALOG
2014-02-05T03:30:00-IPS-001,2014-02-05T03:30Z,STEREO A,STEREO A: IMPACT;STEREO A: PLASTIC;,SWRC_CATALOG
2014-02-05T14:00:00-IPS-001,2014-02-05T14:00Z,Earth,ACE: MAG;ACE: SWEPAM;,SWRC_CATALOG
2014-02-05T16:00:00-IPS-001,2014-02-05T16:00Z,STEREO B,STEREO B: IMPACT;STEREO B: PLASTIC;,SWRC_CATALOG
2014-02-06T11:34:00-IPS-001,2014-02-06T11:34Z,STEREO A,STEREO A: IMPACT;STEREO A: PLASTIC;,SWRC_CATALOG
2014-02-07T16:16:00-IPS-001,2014-02-07T16:16Z,Earth,ACE: MAG;ACE: SWEPAM;,SWRC_CATALOG
2014-02-07T20:59:00-IPS-001,2014-02-07T20:59Z,STEREO A,STEREO A: IMPACT;STEREO A: PLASTIC;,SWRC_CATALOG
2014-02-09T11:27:00-IPS-001,2014-02-09T11:27Z,Earth,ACE: MAG;ACE: SWEPAM;,SWRC_CATALOG
2014-02-10T16:00:00-IPS-001,2014-02-10T16:00Z,Earth,ACE: MAG;ACE: SWEPAM;,SWRC_CATALOG
2014-02-13T04:50:00-IPS-001,2014-02-13T04:50Z,MESSENGER,MESSENGER: MAG,WINSLOW_MESSENGER_ICME_CATALOG
2014-02-13T08:50:00-IPS-001,2014-02-13T08:50Z,Earth,ACE: MAG;ACE: SWEPAM;,SWRC_CATALOG
2014-02-15T12:35:00-IPS-001,2014-02-15T12:35Z,Earth,ACE: MAG;ACE: SWEPAM;,SWRC_CATALOG
2014-02-16T07:50:00-IPS-001,2014-02-16T07:50Z,STEREO A,STEREO A: IMPACT;STEREO A: PLASTIC;,SWRC_CATALOG
2014-02-17T03:00:00-IPS-001,2014-02-17T03:00Z,Earth,ACE: MAG;ACE: SWEPAM;,SWRC_CATALOG
2014-02-17T04:16:00-IPS-001,2014-02-17T04:16Z,MESSENGER,MESSENGER: MAG,WINSLOW_MESSENGER_ICME_CATALOG
2014-02-18T05:00:00-IPS-001,2014-02-18T05:00Z,Earth,ACE: MAG;ACE: SWEPAM;,SWRC_CATALOG
2014-02-19T03:10:00-IPS-001,2014-02-19T03:10Z,Earth,ACE: MAG;ACE: SWEPAM;,SWRC_CATALOG
2014-02-20T02:50:00-IPS-001,2014-02-20T02:50Z,Earth,ACE: MAG;ACE: SWEPAM;,SWRC_CATALOG
2014-02-21T07:17:00-IPS-001,2014-02-21T07:17Z,STEREO B,STEREO B: IMPACT;STEREO B: PLASTIC;,SWRC_CATALOG
2014-02-22T08:00:00-IPS-001,2014-02-22T08:00Z,STEREO A,STEREO A: IMPACT;STEREO A: PLASTIC;,SWRC_CATALOG
2014-02-22T23:06:00-IPS-001,2014-02-22T23:06Z,STEREO A,STEREO A: IMPACT;STEREO A: PLASTIC;,SWRC_CATALOG
2014-02-23T06:00:00-IPS-001,2014-02-23T06:00Z,Earth,ACE: MAG;ACE: SWEPAM;,SWRC_CATALOG
2014-02-25T12:15:00-IPS-001,2014-02-25T12:15Z,STEREO A,STEREO A: IMPACT;STEREO A: PLASTIC;,SWRC_CATALOG
2014-02-27T16:10:00-IPS-001,2014-02-27T16:10Z,Earth,ACE: MAG;ACE: SWEPAM;,SWRC_CATALOG
2014-02-27T21:00:00-IPS-001,2014-02-27T21:00Z,STEREO A,STEREO A: IMPACT;STEREO A: PLASTIC;,SWRC_CATALOG
2014-02-28T04:20:00-IPS-001,2014-02-28T04:20Z,STEREO B,STEREO B: IMPACT;STEREO B: PLASTIC;,SWRC_CATALOG
2014-03-03T22:00:00-IPS-001,2014-03-03T22:00Z,STEREO B,STEREO B: IMPACT;STEREO B: PLASTIC;,SWRC_CATALOG
2014-03-07T18:35:00-IPS-001,2014-03-07T18:35Z,STEREO A,STEREO A: IMPACT;STEREO A: PLASTIC;,SWRC_CATALOG
2014-03-08T05:00:00-IPS-001,2014-03-08T05:00Z,Earth,STEREO B: IMPACT;STEREO B: PLASTIC;,SWRC_CATALOG
2014-03-11T09:30:00-IPS-001,2014-03-11T09:30Z,STEREO A,STEREO A: IMPACT;STEREO A: PLASTIC;,SWRC_CATALOG
2014-03-14T16:37:00-IPS-001,2014-03-14T16:37Z,STEREO A,STEREO A: IMPACT;STEREO A: PLASTIC;,SWRC_CATALOG
2014-03-14T23:00:00-IPS-001,2014-03-14T23:00Z,STEREO B,STEREO B: IMPACT;STEREO B: PLASTIC;,SWRC_CATALOG
2014-03-18T12:00:00-IPS-001,2014-03-18T12:00Z,STEREO B,STEREO B: IMPACT;STEREO B: PLASTIC;,SWRC_CATALOG
2014-03-25T19:25:00-IPS-001,2014-03-25T19:25Z,Earth,ACE: MAG;ACE: SWEPAM;,SWRC_CATALOG
2014-03-26T22:15:00-IPS-001,2014-03-26T22:15Z,Earth,ACE: MAG;ACE: SWEPAM;,SWRC_CATALOG
2014-03-30T21:38:00-IPS-001,2014-03-30T21:38Z,STEREO A,STEREO A: IMPACT;STEREO A: PLASTIC;,SWRC_CATALOG
2014-03-31T04:30:00-IPS-001,2014-03-31T04:30Z,STEREO A,STEREO A: IMPACT;STEREO A: PLASTIC;,SWRC_CATALOG
2014-04-01T04:53:00-IPS-001,2014-04-01T04:53Z,STEREO B,STEREO B: IMPACT;STEREO B: PLASTIC;,SWRC_CATALOG
2014-04-01T13:30:00-IPS-001,2014-04-01T13:30Z,STEREO A,STEREO A: IMPACT;STEREO A: PLASTIC;,SWRC_CATALOG
2014-04-05T09:40:00-IPS-001,2014-04-05T09:40Z,Earth,ACE: MAG;ACE: SWEPAM;,SWRC_CATALOG
2014-04-09T13:00:00-IPS-001,2014-04-09T13:00Z,STEREO A,STEREO A: IMPACT;STEREO A: PLASTIC;,SWRC_CATALOG
2014-04-11T06:00:00-IPS-001,2014-04-11T06:00Z,Earth,ACE: MAG;ACE: SWEPAM;,SWRC_CATALOG
2014-04-11T19:00:00-IPS-001,2014-04-11T19:00Z,STEREO A,STEREO A: IMPACT;STEREO A: PLASTIC;,SWRC_CATALOG
2014-04-12T02:30:00-IPS-001,2014-04-12T02:30Z,STEREO B,STEREO B: IMPACT;STEREO B: PLASTIC;,SWRC_CATALOG
2014-04-16T19:15:00-IPS-001,2014-04-16T19:15Z,Earth,ACE: MAG;ACE: SWEPAM;,SWRC_CATALOG
2014-04-18T19:00:00-IPS-001,2014-04-18T19:00Z,Earth,ACE: MAG;ACE: SWEPAM;,SWRC_CATALOG
2014-04-19T17:00:00-IPS-001,2014-04-19T17:00Z,Earth,ACE: MAG;ACE: SWEPAM;,SWRC_CATALOG
2014-04-20T10:22:00-IPS-001,2014-04-20T10:22Z,Earth,ACE: MAG;ACE: SWEPAM;,SWRC_CATALOG
2014-04-29T19:41:00-IPS-001,2014-04-29T19:41Z,Earth,ACE: MAG;ACE: SWEPAM;,SWRC_CATALOG
2014-05-01T12:00:00-IPS-001,2014-05-01T12:00Z,STEREO B,STEREO B: IMPACT;STEREO B: PLASTIC;,SWRC_CATALOG
2014-05-03T16:46:00-IPS-001,2014-05-03T16:46Z,Earth,ACE: MAG;ACE: SWEPAM;,SWRC_CATALOG
2014-05-06T04:21:00-IPS-001,2014-05-06T04:21Z,MESSENGER,MESSENGER: MAG,WINSLOW_MESSENGER_ICME_CATALOG
2014-05-06T08:00:00-IPS-001,2014-05-06T08:00Z,STEREO A,STEREO A: IMPACT;STEREO A: PLASTIC;,SWRC_CATALOG
2014-05-07T21:35:00-IPS-001,2014-05-07T21:35Z,Earth,ACE: MAG;ACE: SWEPAM;,SWRC_CATALOG
2014-05-08T01:37:00-IPS-001,2014-05-08T01:37Z,STEREO B,STEREO B: IMPACT;STEREO B: PLASTIC;,SWRC_CATALOG
2014-05-10T13:30:00-IPS-001,2014-05-10T13:30Z,STEREO A,STEREO A: IMPACT;STEREO A: PLASTIC;,SWRC_CATALOG
2014-05-11T12:30:00-IPS-001,2014-05-11T12:30Z,STEREO A,STEREO A: IMPACT;STEREO A: PLASTIC;,SWRC_CATALOG
2014-05-12T08:30:00-IPS-001,2014-05-12T08:30Z,STEREO A,STEREO A: IMPACT;STEREO A: PLASTIC;,SWRC_CATALOG
2014-05-23T03:24:00-IPS-001,2014-05-23T03:24Z,Earth,ACE: MAG;ACE: SWEPAM;,SWRC_CATALOG
2014-05-27T18:40:00-IPS-001,2014-05-27T18:40Z,Earth,ACE: MAG;ACE: SWEPAM;,SWRC_CATALOG
2014-06-03T12:00:00-IPS-001,2014-06-03T12:00Z,STEREO A,STEREO A: IMPACT;STEREO A: PLASTIC;,SWRC_CATALOG
2014-06-05T11:00:00-IPS-001,2014-06-05T11:00Z,STEREO B,STEREO B: IMPACT;STEREO B: PLASTIC;,SWRC_CATALOG
2014-06-07T16:09:00-IPS-001,2014-06-07T16:09Z,Earth,ACE: MAG;ACE: SWEPAM;,SWRC_CATALOG
2014-06-08T01:44:00-IPS-001,2014-06-08T01:44Z,STEREO A,STEREO A: IMPACT;STEREO A: PLASTIC;,SWRC_CATALOG
2014-06-09T01:00:00-IPS-001,2014-06-09T01:00Z,STEREO B,STEREO B: IMPACT;STEREO B: PLASTIC;,SWRC_CATALOG
2014-06-09T09:30:00-IPS-001,2014-06-09T09:30Z,STEREO A,STEREO A: IMPACT;STEREO A: PLASTIC;,SWRC_CATALOG
2014-06-11T00:14:00-IPS-001,2014-06-11T00:14Z,STEREO A,STEREO A: IMPACT;STEREO A: PLASTIC;,SWRC_CATALOG
2014-06-13T00:53:00-IPS-001,2014-06-13T00:53Z,STEREO A,STEREO A: IMPACT;STEREO A: PLASTIC;,SWRC_CATALOG
2014-06-18T17:00:00-IPS-001,2014-06-18T17:00Z,Earth,ACE: MAG;ACE: SWEPAM;,SWRC_CATALOG
2014-06-23T11:00:00-IPS-001,2014-06-23T11:00Z,STEREO A,STEREO A: PLASTIC;STEREO A: IMPACT;,SWRC_CATALOG
2014-06-23T22:00:00-IPS-001,2014-06-23T22:00Z,Earth,ACE: MAG;ACE: SWEPAM;,SWRC_CATALOG
2014-06-27T18:00:00-IPS-001,2014-06-27T18:00Z,STEREO B,STEREO B: IMPACT;STEREO B: PLASTIC;,SWRC_CATALOG
2014-06-29T18:00:00-IPS-001,2014-06-29T18:00Z,Earth,ACE: MAG;ACE: SWEPAM;,SWRC_CATALOG
2014-06-29T23:30:00-IPS-001,2014-06-29T23:30Z,STEREO A,STEREO A: IMPACT;STEREO A: PLASTIC;,SWRC_CATALOG
2014-06-30T03:00:00-IPS-001,2014-06-30T03:00Z,STEREO A,STEREO A: IMPACT;STEREO A: PLASTIC;,SWRC_CATALOG
2014-07-01T12:51:00-IPS-001,2014-07-01T12:51Z,STEREO B,STEREO B: IMPACT;STEREO B: PLASTIC;,SWRC_CATALOG
2014-07-02T23:28:00-IPS-001,2014-07-02T23:28Z,Earth,ACE: MAG;ACE: SWEPAM;,SWRC_CATALOG
2014-07-04T16:53:00-IPS-001,2014-07-04T16:53Z,STEREO A,STEREO A: IMPACT;STEREO A: PLASTIC;,SWRC_CATALOG
2014-07-06T09:41:00-IPS-001,2014-07-06T09:41Z,Earth,ACE: MAG;ACE: SWEPAM;,SWRC_CATALOG
2014-07-12T07:30:00-IPS-001,2014-07-12T07:30Z,STEREO A,STEREO A: IMPACT;STEREO A: PLASTIC;,SWRC_CATALOG
2014-07-14T13:29:00-IPS-001,2014-07-14T13:29Z,Earth,ACE: MAG;ACE: SWEPAM;,SWRC_CATALOG
2014-07-18T10:00:00-IPS-001,2014-07-18T10:00Z,STEREO A,STEREO A: IMPACT;STEREO A: PLASTIC;,SWRC_CATALOG
2014-07-27T10:00:00-IPS-001,2014-07-27T10:00Z,STEREO A,STEREO A: IMPACT;STEREO A: PLASTIC;,SWRC_CATALOG
2014-07-27T16:01:00-IPS-001,2014-07-27T16:01Z,MESSENGER,MESSENGER: MAG,WINSLOW_MESSENGER_ICME_CATALOG
2014-07-27T16:30:00-IPS-001,2014-07-27T16:30Z,STEREO A,STEREO A: IMPACT;STEREO A: PLASTIC;,SWRC_CATALOG
2014-07-30T12:00:00-IPS-001,2014-07-30T12:00Z,STEREO B,STEREO B: IMPACT;STEREO B: PLASTIC;,SWRC_CATALOG
2014-08-09T02:00:00-IPS-001,2014-08-09T02:00Z,STEREO B,STEREO B: IMPACT;STEREO B: PLASTIC;,SWRC_CATALOG
2014-08-09T12:00:00-IPS-001,2014-08-09T12:00Z,STEREO A,STEREO A: IMPACT;STEREO A: PLASTIC;,SWRC_CATALOG
2014-08-09T19:39:00-IPS-001,2014-08-09T19:39Z,MESSENGER,MESSENGER: MAG,WINSLOW_MESSENGER_ICME_CATALOG
2014-08-10T03:00:00-IPS-001,2014-08-10T03:00Z,STEREO A,STEREO A: IMPACT;STEREO A: PLASTIC;,SWRC_CATALOG
2014-08-11T06:20:00-IPS-001,2014-08-11T06:20Z,STEREO B,STEREO B: IMPACT;STEREO B: PLASTIC;,SWRC_CATALOG
2014-08-11T08:20:00-IPS-001,2014-08-11T08:20Z,STEREO A,STEREO A: IMPACT;STEREO A: PLASTIC;,SWRC_CATALOG
2014-08-19T05:57:00-IPS-001,2014-08-19T05:57Z,Earth,ACE: MAG;ACE: SWEPAM;,SWRC_CATALOG
2014-08-22T06:00:00-IPS-001,2014-08-22T06:00Z,STEREO A,STEREO A: IMPACT;STEREO A: PLASTIC;,SWRC_CATALOG
2014-08-27T00:00:00-IPS-001,2014-08-27T00:00Z,Earth,ACE: MAG;ACE: SWEPAM;,SWRC_CATALOG
2014-08-31T07:00:00-IPS-001,2014-08-31T07:00Z,STEREO A,STEREO A: IMPACT;STEREO A: PLASTIC;,SWRC_CATALOG
2014-08-31T17:30:00-IPS-001,2014-08-31T17:30Z,STEREO B,STEREO B: IMPACT;STEREO B: PLASTIC;,SWRC_CATALOG
2014-09-01T08:30:00-IPS-001,2014-09-01T08:30Z,STEREO A,STEREO A: IMPACT;STEREO A: PLASTIC;,SWRC_CATALOG
2014-09-02T08:00:00-IPS-001,2014-09-02T08:00Z,MESSENGER,MESSENGER: MAG,WINSLOW_MESSENGER_ICME_CATALOG
2014-09-02T13:41:00-IPS-001,2014-09-02T13:41Z,MESSENGER,MESSENGER: MAG,WINSLOW_MESSENGER_ICME_CATALOG
2014-09-03T07:45:00-IPS-001,2014-09-03T07:45Z,STEREO B,STEREO B: IMPACT;STEREO B: PLASTIC;,SWRC_CATALOG
2014-09-04T06:00:00-IPS-001,2014-09-04T06:00Z,STEREO B,STEREO B: IMPACT;STEREO B: PLASTIC;,SWRC_CATALOG
2014-09-06T04:33:00-IPS-001,2014-09-06T04:33Z,Earth,ACE: MAG,SWRC_CATALOG
2014-09-11T22:56:00-IPS-001,2014-09-11T22:56Z,Earth,ACE: MAG;ACE: SWEPAM;,SWRC_CATALOG
2014-09-12T15:26:00-IPS-001,2014-09-12T15:26Z,Earth,ACE: MAG;ACE: SWEPAM;,SWRC_CATALOG
2014-09-19T06:53:00-IPS-001,2014-09-19T06:53Z,Earth,ACE: MAG;ACE: SWEPAM;,SWRC_CATALOG
2014-09-21T08:00:00-IPS-001,2014-09-21T08:00Z,STEREO A,STEREO A: IMPACT;STEREO A: PLASTIC;,SWRC_CATALOG
2014-09-24T16:00:00-IPS-001,2014-09-24T16:00Z,STEREO A,STEREO A: IMPACT;STEREO A: PLASTIC;,SWRC_CATALOG
2014-09-25T14:00:00-IPS-001,2014-09-25T14:00Z,STEREO B,STEREO B: IMPACT;STEREO B: PLASTIC;,SWRC_CATALOG
2014-09-25T17:30:00-IPS-001,2014-09-25T17:30Z,STEREO B,STEREO B: IMPACT;STEREO B: PLASTIC;,SWRC_CATALOG
2014-09-26T16:00:00-IPS-001,2014-09-26T16:00Z,STEREO B,STEREO B: IMPACT;STEREO B: PLASTIC;,SWRC_CATALOG
2014-10-16T20:10:00-IPS-001,2014-10-16T20:10Z,STEREO A,STEREO A: IMPACT;STEREO A: PLASTIC;,SWRC_CATALOG
2014-10-22T14:30:00-IPS-001,2014-10-22T14:30Z,STEREO A,STEREO A: IMPACT;STEREO A: PLASTIC;,SWRC_CATALOG
2014-11-03T22:27:00-IPS-001,2014-11-03T22:27Z,Earth,ACE: MAG;ACE: SWEPAM;,SWRC_CATALOG
2014-11-10T01:37:00-IPS-001,2014-11-10T01:37Z,Earth,ACE: MAG;ACE: SWEPAM;,SWRC_CATALOG
2014-11-14T00:00:00-IPS-001,2014-11-14T00:00Z,Earth,ACE: MAG;ACE: SWEPAM;,SWRC_CATALOG
2014-11-14T15:00:00-IPS-001,2014-11-14T15:00Z,STEREO A,STEREO A: IMPACT;STEREO A: PLASTIC;,SWRC_CATALOG
2014-11-27T19:00:00-IPS-001,2014-11-27T19:00Z,STEREO A,STEREO A: IMPACT;STEREO A: PLASTIC;,SWRC_CATALOG
2014-12-15T05:00:00-IPS-001,2014-12-15T05:00Z,STEREO A,STEREO A: IMPACT;STEREO A: PLASTIC;,SWRC_CATALOG
2014-12-21T04:13:00-IPS-001,2014-12-21T04:13Z,Earth,ACE: MAG;ACE: SWEPAM;,SWRC_CATALOG
2014-12-21T18:22:00-IPS-001,2014-12-21T18:22Z,Earth,ACE: SWEPAM;ACE: MAG;,SWRC_CATALOG
2014-12-22T14:28:00-IPS-001,2014-12-22T14:28Z,Earth,ACE: MAG;ACE: SWEPAM;,SWRC_CATALOG
2014-12-23T10:33:00-IPS-001,2014-12-23T10:33Z,Earth,ACE: MAG;ACE: SWEPAM;,SWRC_CATALOG
2015-01-07T05:24:00-IPS-001,2015-01-07T05:24Z,Earth,ACE: MAG,SWRC_CATALOG
2015-01-15T22:39:00-IPS-001,2015-01-15T22:39Z,Earth,ACE: MAG;ACE: SWEPAM;,SWRC_CATALOG
2015-01-23T20:30:00-IPS-001,2015-01-23T20:30Z,STEREO A,STEREO A: IMPACT;STEREO A: PLASTIC;,SWRC_CATALOG
2015-02-27T06:00:00-IPS-001,2015-02-27T06:00Z,STEREO A,STEREO A: IMPACT;STEREO A: PLASTIC;,SWRC_CATALOG
2015-03-03T02:00:00-IPS-001,2015-03-03T02:00Z,STEREO A,STEREO A: IMPACT;STEREO A: PLASTIC;,SWRC_CATALOG
2015-03-17T04:05:00-IPS-001,2015-03-17T04:05Z,Earth,ACE: MAG;ACE: SWEPAM;,SWRC_CATALOG
2015-03-21T20:25:00-IPS-001,2015-03-21T20:25Z,Earth,ACE: MAG;ACE: SWEPAM;,SWRC_CATALOG
2015-03-31T07:40:00-IPS-001,2015-03-31T07:40Z,Earth,ACE: MAG;ACE: SWEPAM;,SWRC_CATALOG
2015-04-09T01:10:00-IPS-001,2015-04-09T01:10Z,Earth,ACE: MAG;ACE: SWEPAM;,SWRC_CATALOG
2015-04-09T09:12:00-IPS-001,2015-04-09T09:12Z,Earth,ACE: MAG;ACE: SWEPAM;,SWRC_CATALOG
2015-05-06T00:50:00-IPS-001,2015-05-06T00:50Z,Earth,ACE: MAG;ACE: SWEPAM;,SWRC_CATALOG
2015-05-10T00:02:00-IPS-001,2015-05-10T00:02Z,Earth,ACE: MAG;ACE: SWEPAM;,SWRC_CATALOG
2015-05-17T04:00:00-IPS-001,2015-05-17T04:00Z,Earth,ACE: MAG;ACE: SWEPAM;,SWRC_CATALOG
2015-06-12T12:19:00-IPS-001,2015-06-12T12:19Z,Earth,ACE: MAG;ACE: SWEPAM;,SWRC_CATALOG
2015-06-21T15:40:00-IPS-001,2015-06-21T15:40Z,Earth,ACE: MAG;ACE: SWEPAM;,SWRC_CATALOG
2015-06-22T04:51:00-IPS-001,2015-06-22T04:51Z,Earth,ACE: MAG;ACE: SWEPAM;,SWRC_CATALOG
2015-06-22T17:59:00-IPS-001,2015-06-22T17:59Z,Earth,ACE: MAG;ACE: SWEPAM;,SWRC_CATALOG
2015-06-24T12:57:00-IPS-001,2015-06-24T12:57Z,Earth,ACE: MAG;ACE: SWEPAM;,SWRC_CATALOG
2015-06-27T03:30:00-IPS-001,2015-06-27T03:30Z,Earth,ACE: MAG;ACE: SWEPAM;,SWRC_CATALOG
2015-07-04T11:58:00-IPS-001,2015-07-04T11:58Z,Earth,ACE: MAG;ACE: SWEPAM;,SWRC_CATALOG
2015-08-15T07:43:00-IPS-001,2015-08-15T07:43Z,Earth,ACE: MAG;ACE: SWEPAM;,SWRC_CATALOG
2015-09-07T13:20:00-IPS-001,2015-09-07T13:20Z,Earth,ACE: MAG;ACE: SWEPAM;,SWRC_CATALOG
2015-09-20T05:33:00-IPS-001,2015-09-20T05:33Z,Earth,ACE: MAG;ACE: SWEPAM;,SWRC_CATALOG
2015-10-24T18:26:00-IPS-001,2015-10-24T18:26Z,Earth,ACE: MAG;ACE: SWEPAM;,SWRC_CATALOG
2015-11-06T17:34:00-IPS-001,2015-11-06T17:34Z,Earth,ACE: MAG;ACE: SWEPAM;,SWRC_CATALOG
2015-11-12T12:00:00-IPS-001,2015-11-12T12:00Z,Earth,ACE: MAG;ACE: SWEPAM;,SWRC_CATALOG
2015-11-18T11:30:00-IPS-001,2015-11-18T11:30Z,STEREO A,STEREO A: IMPACT;STEREO A: PLASTIC;,SWRC_CATALOG
2015-11-18T19:24:00-IPS-001,2015-11-18T19:24Z,Earth,ACE: MAG;ACE: SWEPAM;,SWRC_CATALOG
2015-12-02T12:30:00-IPS-001,2015-12-02T12:30Z,STEREO A,STEREO A: IMPACT;STEREO A: PLASTIC;,SWRC_CATALOG
2015-12-14T12:30:00-IPS-001,2015-12-14T12:30Z,Earth,ACE: MAG;ACE: SWEPAM;,SWRC_CATALOG
2015-12-19T15:27:00-IPS-001,2015-12-19T15:27Z,Earth,ACE: MAG;ACE: SWEPAM;,SWRC_CATALOG
2015-12-19T15:30:00-IPS-001,2015-12-19T15:30Z,STEREO A,STEREO A: IMPACT;STEREO A: PLASTIC;,SWRC_CATALOG
2015-12-31T00:02:00-IPS-001,2015-12-31T00:02Z,Earth,ACE: MAG;ACE: SWEPAM;,SWRC_CATALOG
2016-01-09T18:00:00-IPS-001,2016-01-09T18:00Z,STEREO A,STEREO A: IMPACT;STEREO A: PLASTIC;,SWRC_CATALOG
2016-01-18T21:00:00-IPS-001,2016-01-18T21:00Z,Earth,ACE: MAG;ACE: SWEPAM;,SWRC_CATALOG
2016-01-21T00:48:00-IPS-001,2016-01-21T00:48Z,Earth,ACE: MAG;ACE: SWEPAM;,SWRC_CATALOG
2016-02-11T15:54:00-IPS-001,2016-02-11T15:54Z,Earth,ACE: MAG;ACE: SWEPAM;,SWRC_CATALOG
2016-02-15T05:15:00-IPS-001,2016-02-15T05:15Z,Earth,ACE: MAG;ACE: SWEPAM;,SWRC_CATALOG
2016-03-06T04:30:00-IPS-001,2016-03-06T04:30Z,Earth,ACE: MAG;ACE: SWEPAM;,SWRC_CATALOG
2016-03-11T04:21:00-IPS-001,2016-03-11T04:21Z,Earth,ACE: MAG;ACE: SWEPAM;,SWRC_CATALOG
2016-03-23T05:00:00-IPS-001,2016-03-23T05:00Z,Earth,ACE: MAG;ACE: SWEPAM;,SWRC_CATALOG
2016-03-26T23:40:00-IPS-001,2016-03-26T23:40Z,Earth,ACE: MAG;ACE: SWEPAM;,SWRC_CATALOG
2016-04-02T14:04:00-IPS-001,2016-04-02T14:04Z,Earth,ACE: MAG;ACE: SWEPAM;,SWRC_CATALOG
2016-04-10T09:00:00-IPS-001,2016-04-10T09:00Z,Earth,ACE: MAG;ACE: SWEPAM;,SWRC_CATALOG
2016-04-14T06:50:00-IPS-001,2016-04-14T06:50Z,Earth,ACE: MAG;ACE: SWEPAM;,SWRC_CATALOG
2016-04-15T01:30:00-IPS-001,2016-04-15T01:30Z,STEREO A,STEREO A: IMPACT;STEREO A: PLASTIC;,SWRC_CATALOG
2016-04-27T09:00:00-IPS-001,2016-04-27T09:00Z,STEREO A,STEREO A: IMPACT;STEREO A: PLASTIC;,SWRC_CATALOG
2016-05-04T06:00:00-IPS-001,2016-05-04T06:00Z,STEREO A,STEREO A: IMPACT;STEREO A: PLASTIC;,SWRC_CATALOG
2016-05-06T15:48:00-IPS-001,2016-05-06T15:48Z,Earth,ACE: SWEPAM;ACE: MAG;,SWRC_CATALOG
2016-06-20T13:00:00-IPS-001,2016-06-20T13:00Z,STEREO A,STEREO A: IMPACT;STEREO A: PLASTIC;,SWRC_CATALOG
2016-07-19T23:05:00-IPS-001,2016-07-19T23:05Z,Earth,ACE: MAG;ACE: SWEPAM;,SWRC_CATALOG
2016-08-02T04:18:00-IPS-001,2016-08-02T04:18Z,Earth,DSCOVR: PLASMAG;ACE: SWEPAM;ACE: MAG;,SWRC_CATALOG
2016-08-21T11:30:00-IPS-001,2016-08-21T11:30Z,Earth,ACE: MAG;ACE: SWEPAM;,SWRC_CATALOG
2016-08-23T16:00:00-IPS-001,2016-08-23T16:00Z,Earth,DSCOVR: PLASMAG;ACE: SWEPAM;ACE: MAG;,SWRC_CATALOG
2016-09-17T14:00:00-IPS-001,2016-09-17T14:00Z,STEREO A,STEREO A: IMPACT,SWRC_CATALOG
2016-10-04T11:30:00-IPS-001,2016-10-04T11:30Z,Earth,DSCOVR: PLASMAG,SWRC_CATALOG
2016-10-12T21:21:00-IPS-001,2016-10-12T21:21Z,Earth,DSCOVR: PLASMAG,SWRC_CATALOG
2016-10-15T00:00:00-IPS-001,2016-10-15T00:00Z,STEREO A,STEREO A: IMPACT;STEREO A: PLASTIC;,SWRC_CATALOG
2016-10-29T03:00:00-IPS-001,2016-10-29T03:00Z,STEREO A,STEREO A: IMPACT;STEREO A: PLASTIC;,SWRC_CATALOG
2016-11-09T05:28:00-IPS-001,2016-11-09T05:28Z,Earth,DSCOVR: PLASMAG;ACE: SWEPAM;ACE: MAG;,SWRC_CATALOG
2016-11-22T08:00:00-IPS-001,2016-11-22T08:00Z,STEREO A,STEREO A: IMPACT;STEREO A: PLASTIC;,SWRC_CATALOG
